Unix Timestamp,Date,Symbol,Open,High,Low,Close,Volume
1.64E+12,03/01/2022 04:00,LTCUSD,149.65,151.16,146.16,148.54,11789.54351
1.64E+12,02/01/2022 04:00,LTCUSD,150.35,153.3,147.99,149.65,7487.27248
1.64E+12,01/01/2022 04:00,LTCUSD,147.83,151,146.63,150.35,9348.7834
1.64E+12,31/12/2021 04:00,LTCUSD,148.35,152.6,143.66,147.83,12610.84951
1.64E+12,30/12/2021 04:00,LTCUSD,144.9,150.01,144.9,148.35,9152.67404
1.64E+12,29/12/2021 04:00,LTCUSD,148.66,150.94,142.88,144.9,18176.86205
1.64E+12,28/12/2021 04:00,LTCUSD,151.23,153.41,144.65,148.66,22208.276
1.64E+12,27/12/2021 04:00,LTCUSD,156.75,161.24,149.49,151.23,14858.15578
1.64E+12,26/12/2021 04:00,LTCUSD,153.96,157.82,153.47,156.75,10377.31097
1.64E+12,25/12/2021 04:00,LTCUSD,161.12,163.7,153.24,153.96,17584.5408
1.64E+12,24/12/2021 04:00,LTCUSD,165.49,165.94,160.24,161.12,33754.278
1.64E+12,23/12/2021 04:00,LTCUSD,157.46,166.8,153.82,165.49,64186.91239
1.64E+12,22/12/2021 04:00,LTCUSD,156.33,158.59,153.24,157.46,12747.91556
1.64E+12,21/12/2021 04:00,LTCUSD,153.59,157,151.85,156.33,21127.00829
1.64E+12,20/12/2021 04:00,LTCUSD,154.86,157.42,145.35,153.59,52565.6546
1.64E+12,19/12/2021 04:00,LTCUSD,154.43,161.01,151.16,154.86,75023.52131
1.64E+12,18/12/2021 04:00,LTCUSD,146.53,156.13,145.46,154.43,15359.33588
1.64E+12,17/12/2021 04:00,LTCUSD,149.74,150.98,141.27,146.53,24436.67085
1.64E+12,16/12/2021 04:00,LTCUSD,153.34,153.34,148.25,149.74,1239.13379
1.64E+12,15/12/2021 04:00,LTCUSD,150.22,155.06,141.77,153.34,54689.2885
1.64E+12,14/12/2021 04:00,LTCUSD,145.82,151.78,143.36,150.22,18823.81866
1.64E+12,13/12/2021 04:00,LTCUSD,154.64,156.51,142.35,145.82,33943.26907
1.64E+12,12/12/2021 04:00,LTCUSD,156.4,162.97,152.98,154.64,20784.5473
1.64E+12,11/12/2021 04:00,LTCUSD,151.83,159.54,151.47,156.4,28208.60411
1.64E+12,10/12/2021 04:00,LTCUSD,153.96,156.75,145.83,151.83,14562.23301
1.64E+12,09/12/2021 04:00,LTCUSD,159.76,159.76,151.04,153.96,7985.3345
1.64E+12,08/12/2021 04:00,LTCUSD,160.1,170.25,156.24,159.76,92516.43347
1.64E+12,07/12/2021 04:00,LTCUSD,160.26,165.92,154.94,160.1,29973.86625
1.64E+12,06/12/2021 04:00,LTCUSD,154.71,164.59,141.55,160.26,53174.75895
1.64E+12,05/12/2021 04:00,LTCUSD,162.12,162.73,148.38,154.71,78018.37782
1.64E+12,04/12/2021 04:00,LTCUSD,175.97,181.81,130,162.12,174321.8379
1.64E+12,03/12/2021 04:00,LTCUSD,200.33,208.18,175.93,175.97,61821.87454
1.64E+12,02/12/2021 04:00,LTCUSD,202.57,207.43,198.56,200.33,11336.87216
1.64E+12,01/12/2021 04:00,LTCUSD,212.78,217.31,200.28,202.57,10777.24655
1.64E+12,30/11/2021 04:00,LTCUSD,203.62,220.03,197.82,212.78,35353.58177
1.64E+12,29/11/2021 04:00,LTCUSD,199.01,210.55,195.59,203.62,43401.73423
1.64E+12,28/11/2021 04:00,LTCUSD,189.31,202.96,182.51,199.01,33732.54458
1.64E+12,27/11/2021 04:00,LTCUSD,198.13,200.41,183.96,189.31,22361.6615
1.64E+12,26/11/2021 04:00,LTCUSD,216.23,217.89,190.33,198.13,100357.2099
1.64E+12,25/11/2021 04:00,LTCUSD,219.91,229.81,214.47,216.23,33019.14664
1.64E+12,24/11/2021 04:00,LTCUSD,210.58,223.16,206.19,219.91,26878.20769
1.64E+12,23/11/2021 04:00,LTCUSD,210.68,218.82,205.32,210.58,21184.63131
1.64E+12,22/11/2021 04:00,LTCUSD,215.11,220,205.47,210.68,17212.14718
1.64E+12,21/11/2021 04:00,LTCUSD,221.92,230.73,213.62,215.11,15717.06658
1.64E+12,20/11/2021 04:00,LTCUSD,221.67,228,213.16,221.92,16994.99807
1.64E+12,19/11/2021 04:00,LTCUSD,202,225.23,201.97,221.67,21664.47063
1.64E+12,18/11/2021 04:00,LTCUSD,221.82,221.82,199.69,202,22572.47151
1.64E+12,17/11/2021 04:00,LTCUSD,222.83,235.42,218.39,221.82,23292.53832
1.64E+12,16/11/2021 04:00,LTCUSD,244.77,249.18,219.97,222.83,48661.81791
1.64E+12,15/11/2021 04:00,LTCUSD,278.63,281.34,240.19,244.77,38024.43735
1.64E+12,14/11/2021 04:00,LTCUSD,255.79,279.84,248.61,278.63,24626.19353
1.64E+12,13/11/2021 04:00,LTCUSD,246.69,264.07,245.17,255.79,12130.73863
1.64E+12,12/11/2021 04:00,LTCUSD,275.87,275.87,245.54,246.69,8406.877244
1.64E+12,11/11/2021 04:00,LTCUSD,257.25,282.83,252.53,275.87,55549.59299
1.64E+12,10/11/2021 04:00,LTCUSD,257.42,295.26,250.82,257.25,127210.7287
1.64E+12,09/11/2021 04:00,LTCUSD,247.47,274.69,241.62,257.42,106902.2097
1.64E+12,08/11/2021 04:00,LTCUSD,205.8,247.56,205.8,247.47,61747.91036
1.64E+12,07/11/2021 04:00,LTCUSD,199.43,208.03,197.66,205.8,13221.4103
1.64E+12,06/11/2021 04:00,LTCUSD,200.29,200.35,191.35,199.43,13149.25184
1.64E+12,05/11/2021 04:00,LTCUSD,201.14,203.37,196.91,200.29,17064.14836
1.64E+12,04/11/2021 04:00,LTCUSD,203.6,204.08,197.24,201.14,13900.89174
1.64E+12,03/11/2021 04:00,LTCUSD,201.54,209.39,197.53,203.6,37079.98773
1.64E+12,02/11/2021 04:00,LTCUSD,195.96,204.94,195.55,201.54,23602.08526
1.64E+12,01/11/2021 04:00,LTCUSD,188.89,201.12,188.15,195.96,24043.06965
1.64E+12,31/10/2021 04:00,LTCUSD,192.75,194,186.98,188.89,15186.96051
1.64E+12,30/10/2021 04:00,LTCUSD,191.77,195.22,188.66,192.75,13609.19274
1.64E+12,29/10/2021 04:00,LTCUSD,193.05,198.75,189.23,191.77,18272.11913
1.64E+12,28/10/2021 04:00,LTCUSD,182.04,194.55,181.04,193.05,34842.09743
1.64E+12,27/10/2021 04:00,LTCUSD,202.48,202.48,177.81,182.04,4129.065663
1.64E+12,26/10/2021 04:00,LTCUSD,196.65,204.99,190.39,202.48,30967.59774
1.64E+12,25/10/2021 04:00,LTCUSD,193.84,197.26,193.01,196.65,13206.93196
1.64E+12,24/10/2021 04:00,LTCUSD,198.31,198.54,185.43,193.84,19885.52017
1.63E+12,23/10/2021 04:00,LTCUSD,193.61,199.78,188.88,198.31,16686.54118
1.63E+12,22/10/2021 04:00,LTCUSD,200.49,200.49,188,193.61,23991.82556
1.63E+12,21/10/2021 04:00,LTCUSD,208.85,211.84,195.22,200.49,50722.68831
1.63E+12,20/10/2021 04:00,LTCUSD,185.8,214.64,185.8,208.85,35511.31863
1.63E+12,19/10/2021 04:00,LTCUSD,190.98,191.16,183.32,185.8,23375.37084
1.63E+12,18/10/2021 04:00,LTCUSD,185.8,191.67,178.57,190.98,38603.53655
1.63E+12,17/10/2021 04:00,LTCUSD,187.24,188.11,176.8,185.8,19791.92093
1.63E+12,16/10/2021 04:00,LTCUSD,189.4,192.1,183.72,187.24,25241.55371
1.63E+12,15/10/2021 04:00,LTCUSD,184.34,193.21,177.81,189.4,59753.90384
1.63E+12,14/10/2021 04:00,LTCUSD,180.53,186.15,176.59,184.34,9269.058092
1.63E+12,13/10/2021 04:00,LTCUSD,174.19,180.95,167.72,180.53,51135.06776
1.63E+12,12/10/2021 04:00,LTCUSD,173.65,175.84,166.52,174.19,47601.73133
1.63E+12,11/10/2021 04:00,LTCUSD,180.31,183.32,172.3,173.65,16147.70298
1.63E+12,10/10/2021 04:00,LTCUSD,181.88,184.06,172.6,180.31,32587.71542
1.63E+12,09/10/2021 04:00,LTCUSD,177.7,182.87,176.13,181.88,33063.89277
1.63E+12,08/10/2021 04:00,LTCUSD,176.16,183.31,174.44,177.7,51653.11371
1.63E+12,07/10/2021 04:00,LTCUSD,176.48,187.03,175.26,176.16,50188.29405
1.63E+12,06/10/2021 04:00,LTCUSD,171.69,183,171.69,176.48,28179.05826
1.63E+12,05/10/2021 04:00,LTCUSD,168.68,175.45,166.82,171.69,44729.2391
1.63E+12,04/10/2021 04:00,LTCUSD,165.85,170.37,161.53,168.68,39159.35474
1.63E+12,03/10/2021 04:00,LTCUSD,168.27,175,165.41,165.85,20760.03428
1.63E+12,02/10/2021 04:00,LTCUSD,166,172.8,165.38,168.27,21685.78163
1.63E+12,01/10/2021 04:00,LTCUSD,153.7,168.59,153.23,166,44345.46992
1.63E+12,30/09/2021 04:00,LTCUSD,150.8,154.81,149.34,153.7,40027.14663
1.63E+12,29/09/2021 04:00,LTCUSD,144.34,150.91,142.64,150.8,18405.71024
1.63E+12,28/09/2021 04:00,LTCUSD,147.27,148.89,139.9,144.34,53053.81385
1.63E+12,27/09/2021 04:00,LTCUSD,153.01,154.1,144.34,147.27,39692.97557
1.63E+12,26/09/2021 04:00,LTCUSD,148.5,154.89,142.21,153.01,37352.31262
1.63E+12,25/09/2021 04:00,LTCUSD,154.38,155.76,146.65,148.5,34164.53539
1.63E+12,24/09/2021 04:00,LTCUSD,161.43,162.92,141.99,154.38,84115.9539
1.63E+12,23/09/2021 04:00,LTCUSD,161.37,166.77,157.4,161.43,36133.20801
1.63E+12,22/09/2021 04:00,LTCUSD,151.48,162.2,151.48,161.37,21370.92587
1.63E+12,21/09/2021 04:00,LTCUSD,159.47,162.2,144.62,151.48,46606.73975
1.63E+12,20/09/2021 04:00,LTCUSD,167.01,168.18,150.22,159.47,86803.80889
1.63E+12,19/09/2021 04:00,LTCUSD,179.44,181.6,163.5,167.01,31279.36171
1.63E+12,18/09/2021 04:00,LTCUSD,182.08,185.74,178.43,179.44,21093.11343
1.63E+12,17/09/2021 04:00,LTCUSD,185.96,190.69,177.66,182.08,29742.37683
1.63E+12,16/09/2021 04:00,LTCUSD,187.92,195.47,181.68,185.96,37138.86698
1.63E+12,15/09/2021 04:00,LTCUSD,181.22,192.58,181.22,187.92,17610.79026
1.63E+12,14/09/2021 04:00,LTCUSD,178.47,188.89,176.66,181.22,36771.19239
1.63E+12,13/09/2021 04:00,LTCUSD,175.54,236.7,170.94,178.47,217704.5985
1.63E+12,12/09/2021 04:00,LTCUSD,178.68,186.02,175.51,175.54,22136.47674
1.63E+12,11/09/2021 04:00,LTCUSD,174.8,186.02,173.57,178.68,32252.45846
1.63E+12,10/09/2021 04:00,LTCUSD,183.93,184.23,170.81,174.8,62116.04162
1.63E+12,09/09/2021 04:00,LTCUSD,179.46,188.77,178.15,183.93,79997.92503
1.63E+12,08/09/2021 04:00,LTCUSD,178.56,183.73,176.29,179.46,30761.40746
1.63E+12,07/09/2021 04:00,LTCUSD,219.06,221.38,163.44,178.56,192471.3444
1.63E+12,06/09/2021 04:00,LTCUSD,224.53,231.76,215.1,219.06,57854.61055
1.63E+12,05/09/2021 04:00,LTCUSD,213.34,232.98,211.19,224.53,69071.63675
1.63E+12,04/09/2021 04:00,LTCUSD,213.49,225.07,209,213.34,59847.17033
1.63E+12,03/09/2021 04:00,LTCUSD,185.79,217.81,183.82,213.49,77106.34095
1.63E+12,02/09/2021 04:00,LTCUSD,182.35,187.93,180,185.79,32645.70949
1.63E+12,01/09/2021 04:00,LTCUSD,172.12,184.99,172.12,182.35,9595.778587
1.63E+12,31/08/2021 04:00,LTCUSD,169.14,175.34,167.66,172.12,24052.38651
1.63E+12,30/08/2021 04:00,LTCUSD,172.32,176.44,165.77,169.14,38554.54731
1.63E+12,29/08/2021 04:00,LTCUSD,176.56,179.83,171.71,172.32,17223.87344
1.63E+12,28/08/2021 04:00,LTCUSD,174.12,182.83,171.46,176.56,16333.86354
1.63E+12,27/08/2021 04:00,LTCUSD,167.61,177.1,165.2,174.12,12085.67332
1.63E+12,26/08/2021 04:00,LTCUSD,171.67,172.56,165,167.61,17288.28709
1.63E+12,25/08/2021 04:00,LTCUSD,174,180.19,170.95,171.67,6933.898838
1.63E+12,24/08/2021 04:00,LTCUSD,185.25,188.66,172.36,174,26186.08146
1.63E+12,23/08/2021 04:00,LTCUSD,188.83,191.78,182.66,185.25,17734.06083
1.63E+12,22/08/2021 04:00,LTCUSD,182.63,190.78,178.77,188.83,27394.40115
1.63E+12,21/08/2021 04:00,LTCUSD,182.41,184.59,176.74,182.63,26994.77541
1.63E+12,20/08/2021 04:00,LTCUSD,175.85,184.16,174.25,182.41,38833.10246
1.63E+12,19/08/2021 04:00,LTCUSD,165.31,178.05,162.75,175.85,31683.70054
1.63E+12,18/08/2021 04:00,LTCUSD,168.85,174.49,164.55,165.31,12994.40356
1.63E+12,17/08/2021 04:00,LTCUSD,181.6,184.38,162.93,168.85,26419.29726
1.63E+12,16/08/2021 04:00,LTCUSD,183.8,189.08,173.17,181.6,42888.48331
1.63E+12,15/08/2021 04:00,LTCUSD,182.91,187.73,175.41,183.8,21115.71173
1.63E+12,14/08/2021 04:00,LTCUSD,179.25,186.65,174.92,182.91,32932.90634
1.63E+12,13/08/2021 04:00,LTCUSD,168.41,185.1,167.56,179.25,46815.31199
1.63E+12,12/08/2021 04:00,LTCUSD,175.12,176.31,160.89,168.41,28319.68173
1.63E+12,11/08/2021 04:00,LTCUSD,165.8,179.69,165.8,175.12,16424.30657
1.63E+12,10/08/2021 04:00,LTCUSD,162.86,168.33,158.91,165.8,33325.40259
1.63E+12,09/08/2021 04:00,LTCUSD,147.41,170.81,146.64,162.86,40771.0472
1.63E+12,08/08/2021 04:00,LTCUSD,154.29,157.41,145.26,147.41,24510.39424
1.63E+12,07/08/2021 04:00,LTCUSD,153.5,157.69,149.15,154.29,28937.91981
1.63E+12,06/08/2021 04:00,LTCUSD,146.12,153.94,143.45,153.5,16720.35631
1.63E+12,05/08/2021 04:00,LTCUSD,140.79,147.44,136.2,146.12,18978.67972
1.63E+12,04/08/2021 04:00,LTCUSD,137.26,144.44,137.26,140.79,3033.742725
1.63E+12,03/08/2021 04:00,LTCUSD,138.99,140.45,135.72,137.26,22354.70315
1.63E+12,02/08/2021 04:00,LTCUSD,141.44,145.85,138.38,138.99,20281.7511
1.63E+12,01/08/2021 04:00,LTCUSD,149.68,149.7,137.96,141.44,16723.40213
1.63E+12,31/07/2021 04:00,LTCUSD,144.82,149.68,142,149.68,13407.94843
1.63E+12,30/07/2021 04:00,LTCUSD,142.84,146.62,136.01,144.82,16213.35807
1.63E+12,29/07/2021 04:00,LTCUSD,138.78,143.83,137.2,142.84,28383.93352
1.63E+12,28/07/2021 04:00,LTCUSD,135.51,142.05,135.51,138.78,15603.98724
1.63E+12,27/07/2021 04:00,LTCUSD,128.93,137.14,128.21,135.51,31943.00094
1.63E+12,26/07/2021 04:00,LTCUSD,137.17,140.43,127.48,128.93,47740.27329
1.63E+12,25/07/2021 04:00,LTCUSD,124.95,138.76,123.86,137.17,17875.33947
1.63E+12,24/07/2021 04:00,LTCUSD,126.35,127.76,123.33,124.95,14109.97143
1.63E+12,23/07/2021 04:00,LTCUSD,120.61,126.47,117.05,126.35,17230.57061
1.63E+12,22/07/2021 04:00,LTCUSD,116.63,122.15,115.68,120.61,15228.98311
1.63E+12,21/07/2021 04:00,LTCUSD,108.89,119.13,108.89,116.63,9446.361517
1.63E+12,20/07/2021 04:00,LTCUSD,106.56,109.68,103.78,108.89,29193.10378
1.63E+12,19/07/2021 04:00,LTCUSD,118.69,120.68,105.89,106.56,26356.03668
1.63E+12,18/07/2021 04:00,LTCUSD,123.06,123.12,116.35,118.69,21323.60094
1.63E+12,17/07/2021 04:00,LTCUSD,119.88,124.08,117.77,123.06,13147.15934
1.63E+12,16/07/2021 04:00,LTCUSD,126.77,127.57,118.48,119.88,15567.98378
1.63E+12,15/07/2021 04:00,LTCUSD,129.26,129.34,122.08,126.77,22274.53734
1.63E+12,14/07/2021 04:00,LTCUSD,124.82,133.01,124.82,129.26,6030.314721
1.63E+12,13/07/2021 04:00,LTCUSD,133.28,134.46,123.86,124.82,18723.87492
1.63E+12,12/07/2021 04:00,LTCUSD,135.37,139.66,131.88,133.28,23399.22386
1.63E+12,11/07/2021 04:00,LTCUSD,132.35,136.49,132.25,135.37,12148.02553
1.63E+12,10/07/2021 04:00,LTCUSD,133.76,135.55,130.34,132.35,6753.550961
1.63E+12,09/07/2021 04:00,LTCUSD,130.73,136.81,127.95,133.76,14078.2495
1.63E+12,08/07/2021 04:00,LTCUSD,135.3,135.3,126.15,130.73,17225.66496
1.63E+12,07/07/2021 04:00,LTCUSD,140.22,143,133.42,135.3,19395.8843
1.63E+12,06/07/2021 04:00,LTCUSD,138.55,142.76,135.76,140.22,12129.31228
1.63E+12,05/07/2021 04:00,LTCUSD,141.27,141.94,134,138.55,15891.76338
1.63E+12,04/07/2021 04:00,LTCUSD,138.63,148.02,138.54,141.27,13631.99725
1.63E+12,03/07/2021 04:00,LTCUSD,135.35,141.46,134.93,138.63,5125.729497
1.63E+12,02/07/2021 04:00,LTCUSD,132.43,137.2,130.69,135.35,18054.77998
1.63E+12,01/07/2021 04:00,LTCUSD,139.14,140.85,132.07,132.43,26376.92198
1.63E+12,30/06/2021 04:00,LTCUSD,142.23,144.62,136.18,139.14,11586.53815
1.62E+12,29/06/2021 04:00,LTCUSD,138.46,149.14,138.35,142.23,29382.3761
1.62E+12,28/06/2021 04:00,LTCUSD,130.68,142.16,129.98,138.46,28067.41336
1.62E+12,27/06/2021 04:00,LTCUSD,129.24,133.16,124.69,130.68,14305.53478
1.62E+12,26/06/2021 04:00,LTCUSD,126.65,129.49,118.79,129.24,26875.1408
1.62E+12,25/06/2021 04:00,LTCUSD,137.17,137.86,123.96,126.65,32542.8621
1.62E+12,24/06/2021 04:00,LTCUSD,126.84,137.17,126.84,137.17,4.46643
1.62E+12,23/06/2021 04:00,LTCUSD,128.85,130.28,123.65,126.84,17102.77665
1.62E+12,22/06/2021 04:00,LTCUSD,131.42,131.79,105,128.85,114811.3976
1.62E+12,21/06/2021 04:00,LTCUSD,149.54,149.7,119.81,131.42,53410.34422
1.62E+12,20/06/2021 04:00,LTCUSD,153.26,156.17,143.8,149.54,20384.87793
1.62E+12,19/06/2021 04:00,LTCUSD,154.56,160.61,150.55,153.26,8192.193242
1.62E+12,18/06/2021 04:00,LTCUSD,165.29,167.24,151.57,154.56,20498.72281
1.62E+12,17/06/2021 04:00,LTCUSD,171.17,173.44,162.9,165.29,20810.87694
1.62E+12,16/06/2021 04:00,LTCUSD,172.63,172.63,165.43,171.17,2368.858421
1.62E+12,15/06/2021 04:00,LTCUSD,178.68,181,170.42,172.63,23560.3791
1.62E+12,14/06/2021 04:00,LTCUSD,168.57,181.21,166.56,178.68,27900.42799
1.62E+12,13/06/2021 04:00,LTCUSD,157.54,172.58,156.88,168.57,20728.60653
1.62E+12,12/06/2021 04:00,LTCUSD,157.03,164.38,154.28,157.54,20473.43602
1.62E+12,11/06/2021 04:00,LTCUSD,171.32,173.78,154.63,157.03,33114.06447
1.62E+12,10/06/2021 04:00,LTCUSD,170.3,173.32,162.24,171.32,39964.03195
1.62E+12,09/06/2021 04:00,LTCUSD,154.73,174.61,154.73,170.3,13186.11646
1.62E+12,08/06/2021 04:00,LTCUSD,156.54,163.03,145.04,154.73,36444.3435
1.62E+12,07/06/2021 04:00,LTCUSD,181.05,182.26,152.73,156.54,32231.35162
1.62E+12,06/06/2021 04:00,LTCUSD,176.61,182.25,172.94,181.05,22642.20264
1.62E+12,05/06/2021 04:00,LTCUSD,182.21,185.57,167.74,176.61,22877.74359
1.62E+12,04/06/2021 04:00,LTCUSD,182.95,184.86,169.25,182.21,17854.09607
1.62E+12,03/06/2021 04:00,LTCUSD,186.35,193.78,179.61,182.95,9287.477093
1.62E+12,02/06/2021 04:00,LTCUSD,182.53,191.32,180.02,186.35,14386.48417
1.62E+12,01/06/2021 04:00,LTCUSD,183.31,187.67,175.99,182.53,18565.14297
1.62E+12,31/05/2021 04:00,LTCUSD,165.84,193.04,163.9,183.31,26817.38398
1.62E+12,30/05/2021 04:00,LTCUSD,166.49,181,163.8,165.84,50253.46668
1.62E+12,29/05/2021 04:00,LTCUSD,186.36,187.45,155.3,166.49,37051.65111
1.62E+12,28/05/2021 04:00,LTCUSD,194.24,194.24,165.76,186.36,61876.23041
1.62E+12,27/05/2021 04:00,LTCUSD,184.11,203.91,184.11,194.24,15202.61928
1.62E+12,26/05/2021 04:00,LTCUSD,191.73,204.42,180.78,184.11,65327.34425
1.62E+12,25/05/2021 04:00,LTCUSD,181.84,192.31,167.66,191.73,42428.05992
1.62E+12,24/05/2021 04:00,LTCUSD,151.53,194.94,146.2,181.84,86443.95648
1.62E+12,23/05/2021 04:00,LTCUSD,171.4,172.98,118.36,151.53,134914.0322
1.62E+12,22/05/2021 04:00,LTCUSD,178.88,184.41,162,171.4,65258.21145
1.62E+12,21/05/2021 04:00,LTCUSD,208.58,208.58,157.31,178.88,56104.13264
1.62E+12,20/05/2021 04:00,LTCUSD,194.35,225.68,192.61,208.58,102991.4209
1.62E+12,19/05/2021 04:00,LTCUSD,273.41,276.04,165,194.35,294761.3608
1.62E+12,18/05/2021 04:00,LTCUSD,302.29,318.49,268.79,273.41,58271.01772
1.62E+12,17/05/2021 04:00,LTCUSD,269.11,307.75,261.3,302.29,50790.21611
1.62E+12,16/05/2021 04:00,LTCUSD,311.19,323.86,267.7,269.11,47809.71502
1.62E+12,15/05/2021 04:00,LTCUSD,325.04,327.31,296.55,311.19,22539.11507
1.62E+12,14/05/2021 04:00,LTCUSD,311.91,339.62,308.66,325.04,32980.61982
1.62E+12,13/05/2021 04:00,LTCUSD,325.49,326.62,290.96,311.91,26900.78309
1.62E+12,12/05/2021 04:00,LTCUSD,392.32,392.5,292,325.49,96151.84374
1.62E+12,11/05/2021 04:00,LTCUSD,352.72,406.11,348.22,392.32,33736.32424
1.62E+12,10/05/2021 04:00,LTCUSD,409.76,409.97,334.78,352.72,81262.3069
1.62E+12,09/05/2021 04:00,LTCUSD,339.49,413.89,334.52,409.76,57913.82443
1.62E+12,08/05/2021 04:00,LTCUSD,353.15,356.06,335,339.49,23863.21996
1.62E+12,07/05/2021 04:00,LTCUSD,352.04,372.85,333.88,353.15,46128.9024
1.62E+12,06/05/2021 04:00,LTCUSD,342.91,373,318.09,352.04,51291.0272
1.62E+12,05/05/2021 04:00,LTCUSD,332.4,366.13,322.46,342.91,89332.39385
1.62E+12,04/05/2021 04:00,LTCUSD,277.01,341.77,275.83,332.4,92222.99369
1.62E+12,03/05/2021 04:00,LTCUSD,273.21,299.99,271,277.01,47974.28472
1.62E+12,02/05/2021 04:00,LTCUSD,268.25,274.78,265.37,273.21,17850.50872
1.62E+12,01/05/2021 04:00,LTCUSD,274.48,278.71,265.92,268.25,17586.75358
1.62E+12,30/04/2021 04:00,LTCUSD,260.2,275.08,260.2,274.48,15333.28468
1.62E+12,29/04/2021 04:00,LTCUSD,254.21,262.9,248.85,260.2,25409.60945
1.62E+12,28/04/2021 04:00,LTCUSD,255.99,260.54,248.5,254.21,25657.40801
1.62E+12,27/04/2021 04:00,LTCUSD,248.44,267.03,246.63,255.99,26678.6337
1.62E+12,26/04/2021 04:00,LTCUSD,238.39,252.07,236.28,248.44,24443.16258
1.62E+12,25/04/2021 04:00,LTCUSD,224.44,240.41,211.16,238.39,41116.74778
1.62E+12,24/04/2021 04:00,LTCUSD,234.33,236.82,220.93,224.44,33810.3529
1.62E+12,23/04/2021 04:00,LTCUSD,232.76,242.53,217.17,234.33,48838.48239
1.62E+12,22/04/2021 04:00,LTCUSD,257.77,289.7,206.73,232.76,60038.00395
1.62E+12,21/04/2021 04:00,LTCUSD,258.64,276.75,251.53,257.77,40267.53858
1.62E+12,20/04/2021 04:00,LTCUSD,247.8,273.18,234.65,258.64,46497.95405
1.62E+12,19/04/2021 04:00,LTCUSD,280.5,281.44,237.94,247.8,98041.3427
1.62E+12,18/04/2021 04:00,LTCUSD,273.18,282.59,246,280.5,63343.70531
1.62E+12,17/04/2021 04:00,LTCUSD,323.92,335.53,230.97,273.18,127930.6174
1.62E+12,16/04/2021 04:00,LTCUSD,295.14,334.28,276.92,323.92,79422.03154
1.62E+12,15/04/2021 04:00,LTCUSD,278.44,297.15,266.29,295.14,55883.37769
1.62E+12,14/04/2021 04:00,LTCUSD,279.78,283.22,255.19,278.44,54483.15183
1.62E+12,13/04/2021 04:00,LTCUSD,250.17,283.31,247.8,279.78,40569.79875
1.62E+12,12/04/2021 04:00,LTCUSD,253.87,258.79,240.01,250.17,40196.25816
1.62E+12,11/04/2021 04:00,LTCUSD,250.48,263.02,244.65,253.87,53769.77285
1.62E+12,10/04/2021 04:00,LTCUSD,226.62,258.28,225.73,250.48,76592.75182
1.62E+12,09/04/2021 04:00,LTCUSD,224.34,228.83,218.99,226.62,31003.89826
1.62E+12,08/04/2021 04:00,LTCUSD,221.42,228.9,221.42,224.34,21770.56723
1.62E+12,07/04/2021 04:00,LTCUSD,239.92,242.85,211,221.42,121237.2435
1.62E+12,06/04/2021 04:00,LTCUSD,218.43,244.46,212.38,239.92,139594.9656
1.62E+12,05/04/2021 04:00,LTCUSD,202.81,227.73,198.26,218.43,44641.11269
1.62E+12,04/04/2021 04:00,LTCUSD,199.46,207.51,196.96,202.81,15359.86681
1.62E+12,03/04/2021 04:00,LTCUSD,210.75,217.51,192.43,199.46,22566.70645
1.62E+12,02/04/2021 04:00,LTCUSD,206.18,214.76,201.39,210.75,22987.68166
1.62E+12,01/04/2021 04:00,LTCUSD,197.47,208.83,194.19,206.18,25614.77993
1.62E+12,31/03/2021 04:00,LTCUSD,193.62,200.82,187.21,197.47,21002.27769
1.62E+12,30/03/2021 04:00,LTCUSD,190.84,200,190.11,193.62,18270.79973
1.62E+12,29/03/2021 04:00,LTCUSD,190.62,197.36,189.97,190.84,14472.86022
1.62E+12,28/03/2021 04:00,LTCUSD,186.28,192.15,180.39,190.62,12679.89445
1.62E+12,27/03/2021 04:00,LTCUSD,181.8,186.28,177.84,186.28,11350.6045
1.62E+12,26/03/2021 04:00,LTCUSD,175.15,184.8,174.01,181.8,16810.02685
1.62E+12,25/03/2021 04:00,LTCUSD,175.83,178.15,167.72,175.15,21976.89663
1.62E+12,24/03/2021 04:00,LTCUSD,191.02,196.99,171.32,175.83,36668.49238
1.62E+12,23/03/2021 04:00,LTCUSD,188.27,193.32,181.29,191.02,18704.61896
1.62E+12,22/03/2021 04:00,LTCUSD,194.83,198.43,184.91,188.27,21343.82265
1.62E+12,21/03/2021 04:00,LTCUSD,199.27,199.46,190.28,194.83,9210.397409
1.62E+12,20/03/2021 04:00,LTCUSD,202.2,206.17,197.4,199.27,16596.75019
1.62E+12,19/03/2021 04:00,LTCUSD,201.09,202.98,199,202.2,4280.042494
1.62E+12,18/03/2021 04:00,LTCUSD,204.75,208.19,195.9,201.09,20402.9448
1.62E+12,17/03/2021 04:00,LTCUSD,197.29,207.93,194.39,204.75,21607.81073
1.62E+12,16/03/2021 04:00,LTCUSD,196.38,205.2,193.25,197.29,27922.37977
1.62E+12,15/03/2021 04:00,LTCUSD,219.66,222.4,191.29,196.38,69245.62695
1.62E+12,14/03/2021 04:00,LTCUSD,224.18,224.75,212.29,219.66,27016.72077
1.62E+12,13/03/2021 04:00,LTCUSD,217.13,230,214.69,224.18,42523.04998
1.62E+12,12/03/2021 04:00,LTCUSD,209.49,224,200.91,217.13,56028.29084
1.62E+12,11/03/2021 04:00,LTCUSD,199.59,211.37,197.45,209.49,21411.0266
1.62E+12,10/03/2021 04:00,LTCUSD,193.28,207.98,192.47,199.59,34097.54277
1.62E+12,09/03/2021 04:00,LTCUSD,199,207.78,191.52,193.28,32679.89324
1.62E+12,08/03/2021 04:00,LTCUSD,188.53,200.55,179.89,199,36671.37013
1.62E+12,07/03/2021 04:00,LTCUSD,184.55,195.21,182.46,188.53,20095.96451
1.62E+12,06/03/2021 04:00,LTCUSD,179.56,186.77,174.84,184.55,20794.36828
1.61E+12,05/03/2021 04:00,LTCUSD,173.12,184.46,169.8,179.56,32761.22284
1.61E+12,04/03/2021 04:00,LTCUSD,185.14,187.66,168.63,173.12,26065.23359
1.61E+12,03/03/2021 04:00,LTCUSD,185.1,196.66,184.79,185.14,47944.28005
1.61E+12,02/03/2021 04:00,LTCUSD,173.54,185.29,170.77,185.1,29134.91236
1.61E+12,01/03/2021 04:00,LTCUSD,165.43,179.78,163.69,173.54,31620.42601
1.61E+12,28/02/2021 04:00,LTCUSD,158.59,169.9,153.09,165.43,34206.08651
1.61E+12,27/02/2021 04:00,LTCUSD,176.05,179.82,158.1,158.59,28036.5583
1.61E+12,26/02/2021 04:00,LTCUSD,176.76,181.16,162.87,176.05,44743.57897
1.61E+12,25/02/2021 04:00,LTCUSD,181.64,196,169.5,176.76,38714.92652
1.61E+12,24/02/2021 04:00,LTCUSD,184.42,189.47,172.31,181.64,50500.09236
1.61E+12,23/02/2021 04:00,LTCUSD,195.58,198.3,158.88,184.42,111651.5558
1.61E+12,22/02/2021 04:00,LTCUSD,219.45,223.44,178,195.58,61611.55163
1.61E+12,21/02/2021 04:00,LTCUSD,227.43,232.98,218.93,219.45,24113.83153
1.61E+12,20/02/2021 04:00,LTCUSD,243.55,245.21,214.71,227.43,32412.94782
1.61E+12,19/02/2021 04:00,LTCUSD,224.91,246.98,222.88,243.55,44002.10576
1.61E+12,18/02/2021 04:00,LTCUSD,232.72,232.72,220,224.91,17503.56582
1.61E+12,17/02/2021 04:00,LTCUSD,208.92,239.41,203.57,232.72,63585.46838
1.61E+12,16/02/2021 04:00,LTCUSD,216.5,221.83,200.49,208.92,39780.59579
1.61E+12,15/02/2021 04:00,LTCUSD,199.37,220.21,191.11,216.5,43384.99718
1.61E+12,14/02/2021 04:00,LTCUSD,215.95,230.71,186.23,199.37,73911.08889
1.61E+12,13/02/2021 04:00,LTCUSD,206.89,229.5,192,215.95,65669.60171
1.61E+12,12/02/2021 04:00,LTCUSD,183.12,207.81,177,206.89,64784.97709
1.61E+12,11/02/2021 04:00,LTCUSD,182.53,191.24,181.02,183.12,19447.45061
1.61E+12,10/02/2021 04:00,LTCUSD,189.1,195.56,170.52,182.53,54301.28728
1.61E+12,09/02/2021 04:00,LTCUSD,172.44,194.79,164.4,189.1,51786.07649
1.61E+12,08/02/2021 04:00,LTCUSD,148.49,172.87,148.29,172.44,49389.25957
1.61E+12,07/02/2021 04:00,LTCUSD,152.22,155.19,145.31,148.49,32870.81821
1.61E+12,06/02/2021 04:00,LTCUSD,161.7,164,150.77,152.22,30551.685
1.61E+12,05/02/2021 04:00,LTCUSD,148.08,164,147.53,161.7,40444.67126
1.61E+12,04/02/2021 04:00,LTCUSD,149.99,149.99,143.48,148.08,11789.12783
1.61E+12,03/02/2021 04:00,LTCUSD,153.44,158.94,148.54,149.99,25529.56045
1.61E+12,02/02/2021 04:00,LTCUSD,133.23,154.75,133.23,153.44,54922.95358
1.61E+12,01/02/2021 04:00,LTCUSD,130.57,136.5,127.65,133.23,30296.25898
1.61E+12,31/01/2021 04:00,LTCUSD,131.59,133.86,125.85,130.57,22381.7905
1.61E+12,30/01/2021 04:00,LTCUSD,130.15,135.9,128.75,131.59,25533.93564
1.61E+12,29/01/2021 04:00,LTCUSD,136.2,146.12,127.78,130.15,39270.14076
1.61E+12,28/01/2021 04:00,LTCUSD,127.36,139.18,127.36,136.2,21859.72372
1.61E+12,27/01/2021 04:00,LTCUSD,131.83,131.85,118.14,127.36,29508.86428
1.61E+12,26/01/2021 04:00,LTCUSD,134.89,137.45,128.37,131.83,16280.96145
1.61E+12,25/01/2021 04:00,LTCUSD,147.01,147.32,133.95,134.89,24758.8077
1.61E+12,24/01/2021 04:00,LTCUSD,140.72,147.68,133.9,147.01,23284.21561
1.61E+12,23/01/2021 04:00,LTCUSD,137.16,143.49,136,140.72,31506.81522
1.61E+12,22/01/2021 04:00,LTCUSD,134.98,141.79,133.22,137.16,27079.50122
1.61E+12,21/01/2021 04:00,LTCUSD,144.77,144.77,122.8,134.98,18609.3244
1.61E+12,20/01/2021 04:00,LTCUSD,148.74,153.75,137.57,144.77,24865.71587
1.61E+12,19/01/2021 04:00,LTCUSD,158.59,166.15,147.74,148.74,50321.76771
1.61E+12,18/01/2021 04:00,LTCUSD,139.7,160.41,138.69,158.59,53205.14241
1.61E+12,17/01/2021 04:00,LTCUSD,143.98,145.75,136.6,139.7,18933.84509
1.61E+12,16/01/2021 04:00,LTCUSD,143.67,152.63,139.29,143.98,24341.14869
1.61E+12,15/01/2021 04:00,LTCUSD,150,151.74,130,143.67,41259.39647
1.61E+12,14/01/2021 04:00,LTCUSD,145.02,155.29,145.02,150,4416.532596
1.61E+12,13/01/2021 04:00,LTCUSD,133.72,149.99,129.94,145.02,30655.90371
1.61E+12,12/01/2021 04:00,LTCUSD,140.8,146.78,125.67,133.72,57900.9617
1.61E+12,11/01/2021 04:00,LTCUSD,143.22,149.17,112.01,140.8,189473.7127
1.61E+12,10/01/2021 04:00,LTCUSD,179.08,185.93,123.23,143.22,73183.51189
1.61E+12,09/01/2021 04:00,LTCUSD,171.49,186.37,163.65,179.08,34613.90677
1.61E+12,08/01/2021 04:00,LTCUSD,158.38,182.11,155.6,171.49,48038.29066
1.61E+12,07/01/2021 04:00,LTCUSD,170.5,170.5,150.43,158.38,15276.88555
1.61E+12,06/01/2021 04:00,LTCUSD,157.04,173.24,157.04,170.5,53189.98887
1.61E+12,05/01/2021 04:00,LTCUSD,149.58,163.56,146.8,157.04,46622.14711
1.61E+12,04/01/2021 04:00,LTCUSD,164.71,174.87,138,149.58,91816.42363
1.61E+12,03/01/2021 04:00,LTCUSD,135.78,165,135.53,164.71,59307.66414
1.61E+12,02/01/2021 04:00,LTCUSD,125.4,141.73,124.3,135.78,40854.69298
1.61E+12,01/01/2021 04:00,LTCUSD,132.33,132.33,123.75,125.4,22844.53073
1.61E+12,31/12/2020 04:00,LTCUSD,127.01,134.2,122.19,132.33,24056.0795
1.61E+12,30/12/2020 04:00,LTCUSD,130.02,131.27,122.87,127.01,28744.42635
1.61E+12,29/12/2020 04:00,LTCUSD,126.08,132.78,120.03,130.02,24707.70528
1.61E+12,28/12/2020 04:00,LTCUSD,129.6,136.79,125.1,126.08,44789.63118
1.61E+12,27/12/2020 04:00,LTCUSD,133.64,139,121.34,129.6,30469.95171
1.61E+12,26/12/2020 04:00,LTCUSD,131.24,136,125.49,133.64,29822.39716
1.61E+12,25/12/2020 04:00,LTCUSD,108.79,132.4,108.23,131.24,40934.31713
1.61E+12,24/12/2020 04:00,LTCUSD,102.67,112.63,101.17,108.79,37693.14872
1.61E+12,23/12/2020 04:00,LTCUSD,113.84,113.94,95.29,102.67,46557.72474
1.61E+12,22/12/2020 04:00,LTCUSD,103.95,117.23,98.44,113.84,47321.50069
1.61E+12,21/12/2020 04:00,LTCUSD,115.59,118.59,100.55,103.95,62668.12259
1.61E+12,20/12/2020 04:00,LTCUSD,117.48,123.22,110.33,115.59,32340.3249
1.61E+12,19/12/2020 04:00,LTCUSD,108.24,124.55,105.35,117.48,64193.0843
1.61E+12,18/12/2020 04:00,LTCUSD,107.98,111.75,102.71,108.24,27344.81244
1.61E+12,17/12/2020 04:00,LTCUSD,91.37,112.88,91.37,107.98,13045.19324
1.61E+12,16/12/2020 04:00,LTCUSD,79.73,94.27,79.6,91.37,61017.68765
1.61E+12,15/12/2020 04:00,LTCUSD,83.68,83.69,78.44,79.73,30571.04471
1.61E+12,14/12/2020 04:00,LTCUSD,82.06,84.78,79.13,83.68,30132.18219
1.61E+12,13/12/2020 04:00,LTCUSD,75.83,84.28,75.6,82.06,28579.75689
1.61E+12,12/12/2020 04:00,LTCUSD,74.8,77.64,74.46,75.83,11251.30884
1.61E+12,11/12/2020 04:00,LTCUSD,72.03,75.22,69.82,74.8,27949.99964
1.61E+12,10/12/2020 04:00,LTCUSD,76.68,76.68,71.25,72.03,1330.46275
1.61E+12,09/12/2020 04:00,LTCUSD,76.63,78.2,72.05,76.68,29255.74771
1.61E+12,08/12/2020 04:00,LTCUSD,83.14,83.7,75.18,76.63,27600.53384
1.61E+12,07/12/2020 04:00,LTCUSD,83.33,86.82,81.84,83.14,28670.36446
1.61E+12,06/12/2020 04:00,LTCUSD,83.64,84.17,80.55,83.33,11644.51298
1.61E+12,05/12/2020 04:00,LTCUSD,80.66,85.2,80.66,83.64,15073.08452
1.61E+12,04/12/2020 04:00,LTCUSD,86.91,86.91,79.5,80.66,1870.22271
1.61E+12,03/12/2020 04:00,LTCUSD,88.1,91.23,85.27,86.91,35247.88563
1.61E+12,02/12/2020 04:00,LTCUSD,84.78,90.71,83.33,88.1,26988.3829
1.61E+12,01/12/2020 04:00,LTCUSD,88.3,93.13,79.84,84.78,82317.57611
1.61E+12,30/11/2020 04:00,LTCUSD,79.79,90.65,76.78,88.3,56667.5915
1.61E+12,29/11/2020 04:00,LTCUSD,74.56,81.01,73.27,79.79,33576.68053
1.61E+12,28/11/2020 04:00,LTCUSD,69.05,74.99,68.48,74.56,26694.79478
1.61E+12,27/11/2020 04:00,LTCUSD,70.94,72.53,65.33,69.05,37748.79125
1.61E+12,26/11/2020 04:00,LTCUSD,77.24,78.53,64.53,70.94,81304.02799
1.61E+12,25/11/2020 04:00,LTCUSD,86.12,90.06,71.32,77.24,41122.85844
1.61E+12,24/11/2020 04:00,LTCUSD,89.49,94.08,85.88,86.12,42978.38368
1.61E+12,23/11/2020 04:00,LTCUSD,83.93,92.5,83.61,89.49,43155.99479
1.61E+12,22/11/2020 04:00,LTCUSD,84.95,85.91,78,83.93,26677.13542
1.61E+12,21/11/2020 04:00,LTCUSD,82.05,88.5,80.33,84.95,40857.10028
1.61E+12,20/11/2020 04:00,LTCUSD,81.43,85.65,80.2,82.05,47286.72889
1.61E+12,19/11/2020 04:00,LTCUSD,74.15,83.35,74.15,81.43,3264.274513
1.61E+12,18/11/2020 04:00,LTCUSD,75.47,75.94,68,74.15,44171.08614
1.61E+12,17/11/2020 04:00,LTCUSD,73.48,77.03,71.5,75.47,52609.80029
1.61E+12,16/11/2020 04:00,LTCUSD,66.23,75.64,65.84,73.48,47338.82822
1.61E+12,15/11/2020 04:00,LTCUSD,62.67,66.37,61.17,66.23,16897.10751
1.61E+12,14/11/2020 04:00,LTCUSD,64.4,64.71,61.87,62.67,21908.81955
1.61E+12,13/11/2020 04:00,LTCUSD,62.14,66.63,61.27,64.4,24112.74262
1.61E+12,12/11/2020 04:00,LTCUSD,58.58,62.62,58.58,62.14,8538.004215
1.61E+12,11/11/2020 04:00,LTCUSD,59.69,60.62,57.76,58.58,9108.490041
1.60E+12,10/11/2020 04:00,LTCUSD,59.23,60.28,57.16,59.69,15034.05896
1.60E+12,09/11/2020 04:00,LTCUSD,60.93,61.75,57.45,59.23,13715.72317
1.60E+12,08/11/2020 04:00,LTCUSD,59.55,61.85,58.77,60.93,7294.745337
1.60E+12,07/11/2020 04:00,LTCUSD,63.42,64.34,57.12,59.55,23174.94356
1.60E+12,06/11/2020 04:00,LTCUSD,60.92,64.78,59.84,63.42,31097.25523
1.60E+12,05/11/2020 04:00,LTCUSD,55.66,62.37,54.98,60.92,31885.359
1.60E+12,04/11/2020 04:00,LTCUSD,54.18,56,51.71,55.66,10384.3165
1.60E+12,03/11/2020 04:00,LTCUSD,52.16,54.52,51.55,54.18,13955.50331
1.60E+12,02/11/2020 04:00,LTCUSD,55.84,56.28,51.32,52.16,16174.51171
1.60E+12,01/11/2020 04:00,LTCUSD,55.18,56.82,54.12,55.84,8158.008217
1.60E+12,31/10/2020 04:00,LTCUSD,54.43,56.53,53.95,55.18,5656.600233
1.60E+12,30/10/2020 04:00,LTCUSD,54.36,55.34,52.33,54.43,12828.54448
1.60E+12,29/10/2020 04:00,LTCUSD,55.95,56.46,53.49,54.36,17194.59616
1.60E+12,28/10/2020 04:00,LTCUSD,59.65,60.14,54.7,55.95,18545.37539
1.60E+12,27/10/2020 04:00,LTCUSD,56.86,60.62,56.8,59.65,16727.86853
1.60E+12,26/10/2020 04:00,LTCUSD,58.6,58.6,55.05,56.86,17729.33297
1.60E+12,25/10/2020 04:00,LTCUSD,58.69,59.98,56.7,58.6,13843.17585
1.60E+12,24/10/2020 04:00,LTCUSD,55.51,59.58,55.51,58.69,6698.447755
1.60E+12,23/10/2020 04:00,LTCUSD,54.63,57,53.56,55.51,13087.21909
1.60E+12,22/10/2020 04:00,LTCUSD,54.9,56.36,53.23,54.63,15330.62905
1.60E+12,21/10/2020 04:00,LTCUSD,49.24,55.89,48.6,54.9,28378.9091
1.60E+12,20/10/2020 04:00,LTCUSD,48.37,49.53,46.5,49.24,6702.631774
1.60E+12,19/10/2020 04:00,LTCUSD,46.87,48.86,46.87,48.37,8564.304585
1.60E+12,18/10/2020 04:00,LTCUSD,47.11,47.9,46.83,46.87,2676.312722
1.60E+12,17/10/2020 04:00,LTCUSD,47.6,47.6,46.42,47.11,7197.694965
1.60E+12,16/10/2020 04:00,LTCUSD,49.77,49.77,45.74,47.6,43376.56715
1.60E+12,15/10/2020 04:00,LTCUSD,49.68,50.25,49,49.77,10672.92677
1.60E+12,14/10/2020 04:00,LTCUSD,49.96,51.04,49.31,49.68,10033.69954
1.60E+12,13/10/2020 04:00,LTCUSD,50.16,50.51,48.86,49.96,8034.811104
1.60E+12,12/10/2020 04:00,LTCUSD,50.14,51.55,49.31,50.16,19274.37656
1.60E+12,11/10/2020 04:00,LTCUSD,49.16,51.23,49.08,50.14,12174.63486
1.60E+12,10/10/2020 04:00,LTCUSD,49.9,50.34,48.5,49.16,8581.019493
1.60E+12,09/10/2020 04:00,LTCUSD,46.97,50.46,46.69,49.9,13997.10063
1.60E+12,08/10/2020 04:00,LTCUSD,46.37,47.33,46.37,46.97,1888.88223
1.60E+12,07/10/2020 04:00,LTCUSD,45.65,46.91,45.41,46.37,6786.475234
1.60E+12,06/10/2020 04:00,LTCUSD,46.62,48.21,45.21,45.65,16759.18141
1.60E+12,05/10/2020 04:00,LTCUSD,46.32,46.67,45.56,46.62,5468.937258
1.60E+12,04/10/2020 04:00,LTCUSD,45.48,47.03,45.48,46.32,8218.968221
1.60E+12,03/10/2020 04:00,LTCUSD,45.4,45.97,45.01,45.48,4412.16621
1.60E+12,02/10/2020 04:00,LTCUSD,46.49,46.86,43.28,45.4,23091.03307
1.60E+12,01/10/2020 04:00,LTCUSD,46.47,46.49,45.55,46.49,1166.9206
1.60E+12,30/09/2020 04:00,LTCUSD,45.5,46.72,45.49,46.47,4499.405415
1.60E+12,29/09/2020 04:00,LTCUSD,45.56,45.77,44.95,45.5,3038.826011
1.60E+12,28/09/2020 04:00,LTCUSD,46.78,47.13,44.99,45.56,7289.785121
1.60E+12,27/09/2020 04:00,LTCUSD,46.2,47.05,44.63,46.78,6844.77587
1.60E+12,26/09/2020 04:00,LTCUSD,46.11,46.64,45.19,46.2,4847.541367
1.60E+12,25/09/2020 04:00,LTCUSD,44.73,46.65,44.05,46.11,12433.71753
1.60E+12,24/09/2020 04:00,LTCUSD,43.54,45.01,43.54,44.73,672.8292945
1.60E+12,23/09/2020 04:00,LTCUSD,44.4,45.07,42.32,43.54,15157.59833
1.60E+12,22/09/2020 04:00,LTCUSD,43.48,44.82,42.98,44.4,8792.695175
1.60E+12,21/09/2020 04:00,LTCUSD,47.13,47.62,41.7,43.48,29326.65218
1.60E+12,20/09/2020 04:00,LTCUSD,48.07,48.23,46.33,47.13,5992.103807
1.60E+12,19/09/2020 04:00,LTCUSD,48.33,48.88,47.99,48.07,2693.988813
1.60E+12,18/09/2020 04:00,LTCUSD,48.67,48.67,47.54,48.33,1972.438603
1.60E+12,17/09/2020 04:00,LTCUSD,48.34,49.35,47.95,48.67,6344.950752
1.60E+12,16/09/2020 04:00,LTCUSD,47.94,49.63,47.58,48.34,11494.0708
1.60E+12,15/09/2020 04:00,LTCUSD,49.62,50.16,47.32,47.94,8203.256137
1.60E+12,14/09/2020 04:00,LTCUSD,48.16,50.33,47.33,49.62,7831.62536
1.60E+12,13/09/2020 04:00,LTCUSD,50.82,50.82,47.16,48.16,7867.914996
1.60E+12,12/09/2020 04:00,LTCUSD,48.98,51.34,48.52,50.82,6269.869944
1.60E+12,11/09/2020 04:00,LTCUSD,47.61,49.51,47.48,48.98,6769.933218
1.60E+12,10/09/2020 04:00,LTCUSD,49.17,49.26,47.59,47.61,262.8933345
1.60E+12,09/09/2020 04:00,LTCUSD,46.87,49.44,46.87,49.17,8306.659666
1.60E+12,08/09/2020 04:00,LTCUSD,48.61,49.03,46.16,46.87,9652.453667
1.60E+12,07/09/2020 04:00,LTCUSD,47.78,49.37,45.39,48.61,13509.97067
1.60E+12,06/09/2020 04:00,LTCUSD,47.29,48.94,46.35,47.78,11646.79795
1.60E+12,05/09/2020 04:00,LTCUSD,50.04,50.42,45.5,47.29,10808.14986
1.60E+12,04/09/2020 04:00,LTCUSD,48.31,52.12,46.54,50.04,12954.42203
1.60E+12,03/09/2020 04:00,LTCUSD,57.42,57.71,45.36,48.31,30751.5226
1.60E+12,02/09/2020 04:00,LTCUSD,62.45,63.15,56.55,57.42,13908.73442
1.60E+12,01/09/2020 04:00,LTCUSD,61.42,64.37,61.42,62.45,12347.48133
1.60E+12,31/08/2020 04:00,LTCUSD,62.36,62.94,59.81,61.42,12906.6714
1.60E+12,30/08/2020 04:00,LTCUSD,58.63,63.64,57.96,62.36,9349.580798
1.60E+12,29/08/2020 04:00,LTCUSD,57.49,58.63,57.01,58.63,8917.256844
1.60E+12,28/08/2020 04:00,LTCUSD,56.32,58.24,56.32,57.49,3983.637293
1.60E+12,27/08/2020 04:00,LTCUSD,57.88,57.88,55.72,56.32,1117.291434
1.60E+12,26/08/2020 04:00,LTCUSD,57.92,59.19,57.07,57.88,10193.40902
1.60E+12,25/08/2020 04:00,LTCUSD,61.06,61.44,56.68,57.92,17103.17076
1.60E+12,24/08/2020 04:00,LTCUSD,61.63,62.96,60.8,61.06,6572.470008
1.60E+12,23/08/2020 04:00,LTCUSD,58.83,61.88,58.26,61.63,6841.750182
1.60E+12,22/08/2020 04:00,LTCUSD,58.97,60.67,58.55,58.83,2057.074354
1.60E+12,21/08/2020 04:00,LTCUSD,63.8,63.9,57.79,58.97,12865.43641
1.60E+12,20/08/2020 04:00,LTCUSD,62.27,63.8,61.51,63.8,1395.79074
1.60E+12,19/08/2020 04:00,LTCUSD,62.63,63.9,58.88,62.27,23804.94417
1.60E+12,18/08/2020 04:00,LTCUSD,67.24,67.55,62.35,62.63,18779.33072
1.60E+12,17/08/2020 04:00,LTCUSD,63.6,69,62.46,67.24,28829.79478
1.60E+12,16/08/2020 04:00,LTCUSD,61.58,64.55,58.05,63.6,18422.51557
1.60E+12,15/08/2020 04:00,LTCUSD,57.73,62.95,56.78,61.58,17174.07013
1.60E+12,14/08/2020 04:00,LTCUSD,56.44,58.36,56.03,57.73,8441.167453
1.60E+12,13/08/2020 04:00,LTCUSD,54.51,57.5,52,56.44,17179.72346
1.60E+12,12/08/2020 04:00,LTCUSD,53.58,55.25,51.62,54.51,9557.854755
1.60E+12,11/08/2020 04:00,LTCUSD,58.32,58.55,52.45,53.58,20468.10443
1.60E+12,10/08/2020 04:00,LTCUSD,58.26,59.69,56.62,58.32,16864.58444
1.60E+12,09/08/2020 04:00,LTCUSD,58.21,58.49,56.21,58.26,3540.608809
1.60E+12,08/08/2020 04:00,LTCUSD,56.67,58.73,56.62,58.21,11999.28884
1.60E+12,07/08/2020 04:00,LTCUSD,59.65,61.09,54.77,56.67,19183.06172
1.60E+12,06/08/2020 04:00,LTCUSD,58.4,60.68,57.84,59.65,16297.97558
1.60E+12,05/08/2020 04:00,LTCUSD,57.49,59.94,57.35,58.4,13912.23458
1.60E+12,04/08/2020 04:00,LTCUSD,58.41,58.66,56.48,57.49,11438.20769
1.60E+12,03/08/2020 04:00,LTCUSD,57.2,59.87,57.2,58.41,5569.355954
1.60E+12,02/08/2020 04:00,LTCUSD,65.06,65.06,52.21,57.2,35297.04993
1.60E+12,01/08/2020 04:00,LTCUSD,59.44,65.25,58.53,65.06,22748.08766
1.60E+12,31/07/2020 04:00,LTCUSD,56.02,59.72,56.02,59.44,10386.52923
1.60E+12,30/07/2020 04:00,LTCUSD,54.81,57.08,54.81,56.02,1403.493174
1.60E+12,29/07/2020 04:00,LTCUSD,56.23,57,54.23,54.81,14542.41598
1.60E+12,28/07/2020 04:00,LTCUSD,53.61,58,51.72,56.23,28734.30265
1.60E+12,27/07/2020 04:00,LTCUSD,48.71,56,47,53.61,41564.85566
1.60E+12,26/07/2020 04:00,LTCUSD,48.75,50.79,47.68,48.71,23491.24109
1.60E+12,25/07/2020 04:00,LTCUSD,46.95,49.56,46.82,48.75,19108.97546
1.60E+12,24/07/2020 04:00,LTCUSD,44.79,47.39,44.03,46.95,11837.51763
1.60E+12,23/07/2020 04:00,LTCUSD,45.06,45.64,44.48,44.79,8514.271255
1.60E+12,22/07/2020 04:00,LTCUSD,43.92,45.73,43.31,45.06,10702.36284
1.60E+12,21/07/2020 04:00,LTCUSD,42.33,44.1,42.25,43.92,10370.8344
1.60E+12,20/07/2020 04:00,LTCUSD,42.68,42.71,41.43,42.33,8987.683942
1.60E+12,19/07/2020 04:00,LTCUSD,42.31,42.82,41.92,42.68,4275.397067
1.60E+12,18/07/2020 04:00,LTCUSD,41.9,42.94,41.87,42.31,3199.618149
1.59E+12,17/07/2020 04:00,LTCUSD,42.02,42.42,41.76,41.9,2987.260464
1.59E+12,16/07/2020 04:00,LTCUSD,43.27,43.27,41.92,42.02,310.42104
1.59E+12,15/07/2020 04:00,LTCUSD,43.59,43.63,42.86,43.27,6437.718047
1.59E+12,14/07/2020 04:00,LTCUSD,43.49,44.01,42.91,43.59,9785.660178
1.59E+12,13/07/2020 04:00,LTCUSD,44.66,45.56,42.63,43.49,18772.08043
1.59E+12,12/07/2020 04:00,LTCUSD,45.13,45.25,43.76,44.66,4814.625847
1.59E+12,11/07/2020 04:00,LTCUSD,44.32,45.13,44.06,45.13,2259.042117
1.59E+12,10/07/2020 04:00,LTCUSD,44.14,44.67,43.45,44.32,6039.07178
1.59E+12,09/07/2020 04:00,LTCUSD,44.88,45.84,43.61,44.14,15545.13355
1.59E+12,08/07/2020 04:00,LTCUSD,44.75,45.61,44.14,44.88,16716.96615
1.59E+12,07/07/2020 04:00,LTCUSD,43.81,44.8,43.07,44.75,10674.05181
1.59E+12,06/07/2020 04:00,LTCUSD,41.79,44.49,41.69,43.81,13373.65994
1.59E+12,05/07/2020 04:00,LTCUSD,41.87,41.89,40.96,41.79,4447.802146
1.59E+12,04/07/2020 04:00,LTCUSD,41.63,42.19,41.44,41.87,2277.879378
1.59E+12,03/07/2020 04:00,LTCUSD,41.15,41.72,41.06,41.63,3664.577508
1.59E+12,02/07/2020 04:00,LTCUSD,41.69,41.69,40.96,41.15,73.39817
1.59E+12,01/07/2020 04:00,LTCUSD,41.27,42.08,41.16,41.69,5648.630179
1.59E+12,30/06/2020 04:00,LTCUSD,41.72,41.72,40.88,41.27,6144.835346
1.59E+12,29/06/2020 04:00,LTCUSD,41.06,42.24,40.59,41.72,13952.74182
1.59E+12,28/06/2020 04:00,LTCUSD,40.76,42,40.51,41.06,5196.670646
1.59E+12,27/06/2020 04:00,LTCUSD,42.91,43.03,39.17,40.76,14922.33803
1.59E+12,26/06/2020 04:00,LTCUSD,42.38,43.54,41.3,42.91,11098.54029
1.59E+12,25/06/2020 04:00,LTCUSD,41.97,42.89,41.97,42.38,4301.631933
1.59E+12,24/06/2020 04:00,LTCUSD,44.31,44.64,41.63,41.97,13337.60581
1.59E+12,23/06/2020 04:00,LTCUSD,44.14,44.4,43.91,44.31,4467.956395
1.59E+12,22/06/2020 04:00,LTCUSD,43.51,44.51,43.5,44.14,11430.04553
1.59E+12,21/06/2020 04:00,LTCUSD,43.48,43.64,42.85,43.51,2014.865673
1.59E+12,20/06/2020 04:00,LTCUSD,43.09,43.83,42.28,43.48,4647.160727
1.59E+12,19/06/2020 04:00,LTCUSD,43,43.66,42.68,43.09,5603.269194
1.59E+12,18/06/2020 04:00,LTCUSD,43.93,43.93,42.84,43,661.64911
1.59E+12,17/06/2020 04:00,LTCUSD,43.67,44.97,43,43.93,8168.692598
1.59E+12,16/06/2020 04:00,LTCUSD,44.08,44.08,43.35,43.67,5025.387952
1.59E+12,15/06/2020 04:00,LTCUSD,43.02,44.18,41.84,44.08,12137.50714
1.59E+12,14/06/2020 04:00,LTCUSD,44.68,44.78,42.79,43.02,8287.959406
1.59E+12,13/06/2020 04:00,LTCUSD,44.41,45.21,44.33,44.68,4132.064374
1.59E+12,12/06/2020 04:00,LTCUSD,43.69,45.36,43.51,44.41,9453.943161
1.59E+12,11/06/2020 04:00,LTCUSD,46.61,46.84,42.26,43.69,16449.55279
1.59E+12,10/06/2020 04:00,LTCUSD,45.92,47.15,45.74,46.61,18396.55695
1.59E+12,09/06/2020 04:00,LTCUSD,46,46.58,45.42,45.92,10718.31086
1.59E+12,08/06/2020 04:00,LTCUSD,46.71,46.81,45.35,46,13476.69467
1.59E+12,07/06/2020 04:00,LTCUSD,46.78,46.97,45.19,46.71,14882.33611
1.59E+12,06/06/2020 04:00,LTCUSD,46.57,47.14,46.36,46.78,5245.735205
1.59E+12,05/06/2020 04:00,LTCUSD,47.38,47.86,46.2,46.57,6676.513261
1.59E+12,04/06/2020 04:00,LTCUSD,48.04,48.07,46.34,47.38,13379.66494
1.59E+12,03/06/2020 04:00,LTCUSD,45.93,48.05,45.32,48.04,8779.94442
1.59E+12,02/06/2020 04:00,LTCUSD,48.62,49.88,44.06,45.93,16853.90353
1.59E+12,01/06/2020 04:00,LTCUSD,46.24,48.97,45.65,48.62,11995.33495
1.59E+12,31/05/2020 04:00,LTCUSD,46.41,47.47,45.13,46.24,18125.53681
1.59E+12,30/05/2020 04:00,LTCUSD,44.45,48.04,44.45,46.41,12850.08249
1.59E+12,29/05/2020 04:00,LTCUSD,44.9,45.01,44.19,44.45,5275.308298
1.59E+12,28/05/2020 04:00,LTCUSD,43.77,45.29,43.77,44.9,635.30553
1.59E+12,27/05/2020 04:00,LTCUSD,42.48,44,42.39,43.77,5439.169857
1.59E+12,26/05/2020 04:00,LTCUSD,42.89,42.9,41.81,42.48,4850.241483
1.59E+12,25/05/2020 04:00,LTCUSD,42.66,43.29,42.39,42.89,5097.519497
1.59E+12,24/05/2020 04:00,LTCUSD,44.28,44.58,41.87,42.66,6790.122425
1.59E+12,23/05/2020 04:00,LTCUSD,44.47,44.57,43.73,44.28,3921.948073
1.59E+12,22/05/2020 04:00,LTCUSD,42.42,44.8,42.42,44.47,7858.784704
1.59E+12,21/05/2020 04:00,LTCUSD,44.15,44.17,41.64,42.42,5090.413439
1.59E+12,20/05/2020 04:00,LTCUSD,45.73,45.89,43.1,44.15,17444.17483
1.59E+12,19/05/2020 04:00,LTCUSD,44.18,46.14,44.18,45.73,14796.08179
1.59E+12,18/05/2020 04:00,LTCUSD,45.7,46.58,44.15,44.18,15079.465
1.59E+12,17/05/2020 04:00,LTCUSD,43.57,45.7,43.43,45.7,12252.29668
1.59E+12,16/05/2020 04:00,LTCUSD,43.41,43.89,42.83,43.57,5914.171212
1.59E+12,15/05/2020 04:00,LTCUSD,43.19,43.86,41.93,43.41,14956.93731
1.59E+12,14/05/2020 04:00,LTCUSD,43.07,43.95,42.52,43.19,8641.328166
1.59E+12,13/05/2020 04:00,LTCUSD,42.45,43.82,42,43.07,10133.17895
1.59E+12,12/05/2020 04:00,LTCUSD,41.84,42.87,41.41,42.45,12676.11538
1.59E+12,11/05/2020 04:00,LTCUSD,41.9,42.88,39.59,41.84,20683.98583
1.59E+12,10/05/2020 04:00,LTCUSD,42.11,43.2,39.99,41.9,13938.05995
1.59E+12,09/05/2020 04:00,LTCUSD,48.61,49.1,36.99,42.11,18256.94209
1.59E+12,08/05/2020 04:00,LTCUSD,47.49,48.65,46.48,48.61,19556.59071
1.59E+12,07/05/2020 04:00,LTCUSD,45.85,48.46,45.5,47.49,22480.87315
1.59E+12,06/05/2020 04:00,LTCUSD,46.66,47.58,44.5,45.85,18304.41787
1.59E+12,05/05/2020 04:00,LTCUSD,46.91,47.8,45.95,46.66,6802.133623
1.59E+12,04/05/2020 04:00,LTCUSD,46.76,47.41,45.3,46.91,9325.846861
1.59E+12,03/05/2020 04:00,LTCUSD,49.85,49.85,46,46.76,18556.16868
1.59E+12,02/05/2020 04:00,LTCUSD,47.4,50,46.88,49.85,15351.55864
1.59E+12,01/05/2020 04:00,LTCUSD,46.82,48.3,46.48,47.4,14380.95008
1.59E+12,30/04/2020 04:00,LTCUSD,50.7,50.88,45.81,46.82,42634.67734
1.59E+12,29/04/2020 04:00,LTCUSD,46.02,50.7,45.81,50.7,22148.18154
1.59E+12,28/04/2020 04:00,LTCUSD,43.98,46.49,43.67,46.02,12754.20408
1.59E+12,27/04/2020 04:00,LTCUSD,44.89,44.95,43.3,43.98,9726.185449
1.59E+12,26/04/2020 04:00,LTCUSD,44.8,45.38,43.95,44.89,7022.427438
1.59E+12,25/04/2020 04:00,LTCUSD,44.81,45.47,44.17,44.8,3415.939165
1.59E+12,24/04/2020 04:00,LTCUSD,43.54,44.97,43.27,44.81,17935.83065
1.59E+12,23/04/2020 04:00,LTCUSD,41.5,43.75,41.5,43.54,721.7300182
1.59E+12,22/04/2020 04:00,LTCUSD,40.72,42.36,40.63,41.5,15274.08682
1.59E+12,21/04/2020 04:00,LTCUSD,40.38,41.36,40.14,40.72,7014.234116
1.59E+12,20/04/2020 04:00,LTCUSD,42.99,43.34,39.58,40.38,21088.10783
1.59E+12,19/04/2020 04:00,LTCUSD,44.09,44.11,41.71,42.99,9854.794078
1.59E+12,18/04/2020 04:00,LTCUSD,42.65,44.92,42.33,44.09,9284.834285
1.59E+12,17/04/2020 04:00,LTCUSD,42.39,43.09,41.68,42.65,5543.473149
1.59E+12,16/04/2020 04:00,LTCUSD,38.97,43.74,38.9,42.39,15679.5926
1.59E+12,15/04/2020 04:00,LTCUSD,41.58,41.7,38,38.97,13761.32982
1.59E+12,14/04/2020 04:00,LTCUSD,41.54,41.87,40.63,41.58,5429.471888
1.59E+12,13/04/2020 04:00,LTCUSD,40.09,41.65,39.84,41.54,12963.28783
1.59E+12,12/04/2020 04:00,LTCUSD,42.19,43.72,39.63,40.09,14531.07413
1.59E+12,11/04/2020 04:00,LTCUSD,42.79,43.11,41.55,42.19,11433.43821
1.59E+12,10/04/2020 04:00,LTCUSD,45.39,45.39,40.96,42.79,43788.14357
1.59E+12,09/04/2020 04:00,LTCUSD,45.9,46.49,45.28,45.39,2332.991426
1.59E+12,08/04/2020 04:00,LTCUSD,46.73,47.23,45.1,45.9,21870.41368
1.59E+12,07/04/2020 04:00,LTCUSD,45.71,47.73,43.63,46.73,41262.54038
1.59E+12,06/04/2020 04:00,LTCUSD,40.63,46.29,40.63,45.71,48391.04116
1.59E+12,05/04/2020 04:00,LTCUSD,40.68,40.88,39.93,40.63,14878.45519
1.59E+12,04/04/2020 04:00,LTCUSD,40.27,41.2,40,40.68,10865.51521
1.59E+12,03/04/2020 04:00,LTCUSD,40.37,41.33,39.72,40.27,36254.03125
1.59E+12,02/04/2020 04:00,LTCUSD,39.58,43,39.1,40.37,28045.08042
1.59E+12,01/04/2020 04:00,LTCUSD,38.81,39.89,37.21,39.58,20217.54818
1.59E+12,31/03/2020 04:00,LTCUSD,38.89,39.4,38.49,38.81,12973.06443
1.59E+12,30/03/2020 04:00,LTCUSD,37.62,39.72,37.62,38.89,19980.69251
1.59E+12,29/03/2020 04:00,LTCUSD,38.63,38.71,37.01,37.62,8347.112497
1.59E+12,28/03/2020 04:00,LTCUSD,37.19,39.52,36.9,38.63,18904.20305
1.59E+12,27/03/2020 04:00,LTCUSD,40.8,40.8,36.64,37.19,19635.48177
1.59E+12,26/03/2020 04:00,LTCUSD,39.71,41.35,39.71,40.8,2417.129544
1.59E+12,25/03/2020 04:00,LTCUSD,39.44,41.15,38.23,39.71,51932.55914
1.59E+12,24/03/2020 04:00,LTCUSD,38.95,41.07,38.44,39.44,54828.03978
1.58E+12,23/03/2020 04:00,LTCUSD,36.96,40.24,35.49,38.95,50044.02601
1.58E+12,22/03/2020 04:00,LTCUSD,39.37,39.76,34.57,36.96,56930.74479
1.58E+12,21/03/2020 04:00,LTCUSD,38.4,39.85,36.41,39.37,30654.84692
1.58E+12,20/03/2020 04:00,LTCUSD,38.61,43.81,34.33,38.4,124144.7031
1.58E+12,19/03/2020 04:00,LTCUSD,34.29,41.28,34.18,38.61,52034.08488
1.58E+12,18/03/2020 04:00,LTCUSD,34.75,35.5,32.4,34.29,47062.25096
1.58E+12,17/03/2020 04:00,LTCUSD,35.19,35.99,33.19,34.75,50090.72286
1.58E+12,16/03/2020 04:00,LTCUSD,35.69,35.86,29.37,35.19,60611.5205
1.58E+12,15/03/2020 04:00,LTCUSD,34.48,38.86,34.48,35.69,25442.14452
1.58E+12,14/03/2020 04:00,LTCUSD,37.38,37.38,33.8,34.48,37010.89318
1.58E+12,13/03/2020 04:00,LTCUSD,32.13,37.9,32.13,37.38,5866.659229
1.58E+12,12/03/2020 04:00,LTCUSD,46.11,46.11,30.8,32.13,13092.2885
1.58E+12,11/03/2020 04:00,LTCUSD,50.28,50.44,45.5,46.11,39951.33062
1.58E+12,10/03/2020 04:00,LTCUSD,50.27,51.44,48.93,50.28,35574.36789
1.58E+12,09/03/2020 04:00,LTCUSD,50.93,51.02,46.62,50.27,75607.76143
1.58E+12,08/03/2020 04:00,LTCUSD,58.84,59.39,49.71,50.93,40967.1796
1.58E+12,07/03/2020 04:00,LTCUSD,63.1,63.99,58.47,58.84,6664.317486
1.58E+12,06/03/2020 04:00,LTCUSD,61.66,63.99,61.38,63.1,24437.07941
1.58E+12,05/03/2020 04:00,LTCUSD,60.8,62.09,60.8,61.66,6498.91907
1.58E+12,04/03/2020 04:00,LTCUSD,61.16,61.75,58.8,60.8,20493.52226
1.58E+12,03/03/2020 04:00,LTCUSD,61.45,62.31,59.45,61.16,19786.03633
1.58E+12,02/03/2020 04:00,LTCUSD,57.8,62.31,57.8,61.45,23724.58226
1.58E+12,01/03/2020 04:00,LTCUSD,59.65,60.08,56.26,57.8,15290.03153
1.58E+12,29/02/2020 04:00,LTCUSD,60.26,61.69,58.06,59.65,18452.25562
1.58E+12,28/02/2020 04:00,LTCUSD,62.21,62.37,56.62,60.26,14584.65451
1.58E+12,27/02/2020 04:00,LTCUSD,60.25,65.23,59.79,62.21,18856.80128
1.58E+12,26/02/2020 04:00,LTCUSD,68.52,69.82,57.04,60.25,44512.71418
1.58E+12,25/02/2020 04:00,LTCUSD,74.49,75.52,66.83,68.52,16529.83354
1.58E+12,24/02/2020 04:00,LTCUSD,76.61,77.49,71.8,74.49,16565.56719
1.58E+12,23/02/2020 04:00,LTCUSD,75.99,80.2,75.62,76.61,10199.26765
1.58E+12,22/02/2020 04:00,LTCUSD,74.57,76.65,73.07,75.99,7153.032927
1.58E+12,21/02/2020 04:00,LTCUSD,72.31,75.28,71.1,74.57,8358.931884
1.58E+12,20/02/2020 04:00,LTCUSD,70.95,72.94,70.95,72.31,404.56081
1.58E+12,19/02/2020 04:00,LTCUSD,77.74,79.75,67.35,70.95,27040.71263
1.58E+12,18/02/2020 04:00,LTCUSD,74.45,79.17,70.27,77.74,23909.39106
1.58E+12,17/02/2020 04:00,LTCUSD,71.07,74.69,68.88,74.45,15633.1618
1.58E+12,16/02/2020 04:00,LTCUSD,79.83,80,67.7,71.07,18234.64703
1.58E+12,15/02/2020 04:00,LTCUSD,81.55,82.12,75,79.83,14491.63618
1.58E+12,14/02/2020 04:00,LTCUSD,80.86,83.8,78.65,81.55,13309.35194
1.58E+12,13/02/2020 04:00,LTCUSD,83.08,83.74,77.35,80.86,24126.24037
1.58E+12,12/02/2020 04:00,LTCUSD,78.23,84.48,77.89,83.08,19417.95061
1.58E+12,11/02/2020 04:00,LTCUSD,72.76,78.52,72.63,78.23,18020.22041
1.58E+12,10/02/2020 04:00,LTCUSD,75.62,76.02,72.48,72.76,11861.10125
1.58E+12,09/02/2020 04:00,LTCUSD,77.64,78.53,75,75.62,7289.527451
1.58E+12,08/02/2020 04:00,LTCUSD,71.95,77.91,71.95,77.64,7983.095671
1.58E+12,07/02/2020 04:00,LTCUSD,74.02,74.97,71.63,71.95,9282.1731
1.58E+12,06/02/2020 04:00,LTCUSD,74,75.12,73.5,74.02,810.94207
1.58E+12,05/02/2020 04:00,LTCUSD,68.08,74,67.95,74,16364.33939
1.58E+12,04/02/2020 04:00,LTCUSD,68.68,69.01,66.3,68.08,10208.69901
1.58E+12,03/02/2020 04:00,LTCUSD,70.95,71.43,68.5,68.68,24453.3416
1.58E+12,02/02/2020 04:00,LTCUSD,68.65,73.22,67.79,70.95,18383.6763
1.58E+12,01/02/2020 04:00,LTCUSD,72.59,72.8,67.6,68.65,17017.44727
1.58E+12,31/01/2020 04:00,LTCUSD,68.51,72.59,65.35,72.59,31462.31192
1.58E+12,30/01/2020 04:00,LTCUSD,59.22,70.08,59.22,68.51,32777.99239
1.58E+12,29/01/2020 04:00,LTCUSD,61.18,61.78,58.35,59.22,8243.218183
1.58E+12,28/01/2020 04:00,LTCUSD,60.57,62.31,57.45,61.18,9788.765723
1.58E+12,27/01/2020 04:00,LTCUSD,56.31,61.4,55.84,60.57,10064.33928
1.58E+12,26/01/2020 04:00,LTCUSD,53.78,57.03,53.13,56.31,3906.123265
1.58E+12,25/01/2020 04:00,LTCUSD,52.79,54.2,52.72,53.78,5508.985678
1.58E+12,24/01/2020 04:00,LTCUSD,52.63,55.24,50.74,52.79,11348.14909
1.58E+12,23/01/2020 04:00,LTCUSD,56.75,56.75,51.31,52.63,806.31144
1.58E+12,22/01/2020 04:00,LTCUSD,57.14,59.15,56.45,56.75,17788.32673
1.58E+12,21/01/2020 04:00,LTCUSD,57.76,57.98,55.88,57.14,15149.52784
1.58E+12,20/01/2020 04:00,LTCUSD,56.83,58.15,55.74,57.76,7575.773481
1.58E+12,19/01/2020 04:00,LTCUSD,61.13,61.49,55.39,56.83,8154.260534
1.58E+12,18/01/2020 04:00,LTCUSD,61.28,62.44,58.06,61.13,10313.74888
1.58E+12,17/01/2020 04:00,LTCUSD,58.24,63.16,58.04,61.28,18437.46361
1.58E+12,16/01/2020 04:00,LTCUSD,55.41,58.94,55.32,58.24,10167.13929
1.58E+12,15/01/2020 04:00,LTCUSD,57.99,59.51,54.68,55.41,15341.27842
1.58E+12,14/01/2020 04:00,LTCUSD,53.82,60.93,53.21,57.99,38633.36471
1.58E+12,13/01/2020 04:00,LTCUSD,49.9,54.11,48.89,53.82,30771.53585
1.58E+12,12/01/2020 04:00,LTCUSD,50.66,51.57,49.71,49.9,7409.456163
1.58E+12,11/01/2020 04:00,LTCUSD,48.98,51.82,47.85,50.66,12550.62915
1.58E+12,10/01/2020 04:00,LTCUSD,44.49,49.85,43.65,48.98,20952.52202
1.58E+12,09/01/2020 04:00,LTCUSD,45.07,46.14,44.49,44.49,485.3459781
1.58E+12,08/01/2020 04:00,LTCUSD,47.67,48.19,44.08,45.07,12594.26198
1.58E+12,07/01/2020 04:00,LTCUSD,45.23,48.6,44.55,47.67,29213.36856
1.58E+12,06/01/2020 04:00,LTCUSD,44.36,46.23,44,45.23,12977.62671
1.58E+12,05/01/2020 04:00,LTCUSD,43.03,44.64,42.63,44.36,7067.704552
1.58E+12,04/01/2020 04:00,LTCUSD,42.02,43.16,41.87,43.03,3690.598069
1.58E+12,03/01/2020 04:00,LTCUSD,39.2,42.28,39.2,42.02,5959.122901
1.58E+12,02/01/2020 04:00,LTCUSD,41.09,41.46,38.77,39.2,5461.09418
1.58E+12,01/01/2020 04:00,LTCUSD,41.5,42,41.09,41.09,1174.642228
1.58E+12,31/12/2019 04:00,LTCUSD,42.01,42.91,40.91,41.5,1523.772564
1.58E+12,30/12/2019 04:00,LTCUSD,42.84,44,41.73,42.01,4713.69015
1.58E+12,29/12/2019 04:00,LTCUSD,42.65,43.56,42.21,42.84,1984.594587
1.58E+12,28/12/2019 04:00,LTCUSD,41.45,43.65,41.44,42.65,2678.722936
1.58E+12,27/12/2019 04:00,LTCUSD,40.25,41.79,39.59,41.45,3143.505919
1.58E+12,26/12/2019 04:00,LTCUSD,39.58,41.68,39.58,40.25,4116.119319
1.58E+12,25/12/2019 04:00,LTCUSD,39.95,40.47,39.45,39.58,979.36584
1.58E+12,24/12/2019 04:00,LTCUSD,40.54,41.1,39.74,39.95,6200.55642
1.58E+12,23/12/2019 04:00,LTCUSD,42.25,42.59,40.38,40.54,6036.969923
1.58E+12,22/12/2019 04:00,LTCUSD,39.77,42.5,39.77,42.25,4850.431165
1.58E+12,21/12/2019 04:00,LTCUSD,40.01,40.01,39.5,39.77,1498.735593
1.58E+12,20/12/2019 04:00,LTCUSD,39.7,40.35,39.48,40.01,3544.151043
1.58E+12,19/12/2019 04:00,LTCUSD,40.38,40.38,40.38,40.38,0
1.58E+12,18/12/2019 04:00,LTCUSD,37.6,41.71,36,40.38,29119.21391
1.58E+12,17/12/2019 04:00,LTCUSD,39.73,39.78,36.31,37.6,20289.9177
1.58E+12,16/12/2019 04:00,LTCUSD,43.09,43.09,43.09,43.09,0
1.58E+12,15/12/2019 04:00,LTCUSD,43.28,43.93,43.01,43.09,2162.427752
1.58E+12,14/12/2019 04:00,LTCUSD,44.4,44.46,42.92,43.28,3174.911971
1.58E+12,13/12/2019 04:00,LTCUSD,43.33,44.49,43.33,44.4,6.74622
1.58E+12,12/12/2019 04:00,LTCUSD,43.33,43.33,43.33,43.33,0
1.58E+12,11/12/2019 04:00,LTCUSD,43.86,44.41,42.96,43.33,6430.67748
1.58E+12,10/12/2019 04:00,LTCUSD,44.42,44.59,43.63,43.86,20260.69229
1.58E+12,09/12/2019 04:00,LTCUSD,45.48,45.87,44.11,44.42,9960.665058
1.58E+12,08/12/2019 04:00,LTCUSD,44.94,46.25,44.94,45.48,2719.521168
1.58E+12,07/12/2019 04:00,LTCUSD,45.43,46.62,44.94,44.94,10182.99717
1.58E+12,06/12/2019 04:00,LTCUSD,44.76,45.73,44.14,45.43,8676.668151
1.58E+12,05/12/2019 04:00,LTCUSD,44.05,44.05,44.05,44.05,0
1.58E+12,04/12/2019 04:00,LTCUSD,44.05,47.12,43.74,44.05,26638.82649
1.58E+12,03/12/2019 04:00,LTCUSD,45.79,46.27,43.62,44.05,10941.57167
1.58E+12,02/12/2019 04:00,LTCUSD,47.12,47.25,44.8,45.79,6495.667183
1.58E+12,01/12/2019 04:00,LTCUSD,45.93,48.3,45.93,47.12,2407.357348
1.58E+12,30/11/2019 04:00,LTCUSD,48.25,48.59,45.7,45.93,5509.827377
1.58E+12,29/11/2019 04:00,LTCUSD,47.67,49.36,47.08,48.25,11324.54122
1.57E+12,28/11/2019 04:00,LTCUSD,47.75,47.96,46.28,47.67,4380.37548
1.57E+12,27/11/2019 04:00,LTCUSD,45.91,48.64,44.77,47.75,13050.24195
1.57E+12,26/11/2019 04:00,LTCUSD,46.89,47.42,45.79,45.91,4273.501874
1.57E+12,25/11/2019 04:00,LTCUSD,43.52,47.5,42.24,46.89,11722.67819
1.57E+12,24/11/2019 04:00,LTCUSD,47.2,47.7,42.76,43.52,5570.630113
1.57E+12,23/11/2019 04:00,LTCUSD,47.56,48.64,46.41,47.2,2164.144772
1.57E+12,22/11/2019 04:00,LTCUSD,50.41,51.69,43.65,47.56,20020.01778
1.57E+12,21/11/2019 04:00,LTCUSD,54.71,54.71,54.71,54.71,0
1.57E+12,20/11/2019 04:00,LTCUSD,55.82,56.01,54.63,54.71,4560.905609
1.57E+12,19/11/2019 04:00,LTCUSD,55.82,55.82,55.82,55.82,0
1.57E+12,18/11/2019 04:00,LTCUSD,58.6,59.02,53.8,55.82,15693.05836
1.57E+12,17/11/2019 04:00,LTCUSD,58.22,59.83,57.62,58.6,1753.502353
1.57E+12,16/11/2019 04:00,LTCUSD,57.43,58.82,57.22,58.22,1947.613949
1.57E+12,15/11/2019 04:00,LTCUSD,58.59,60.63,56.24,57.43,18380.3409
1.57E+12,14/11/2019 04:00,LTCUSD,60.75,60.75,58.2,58.59,8630.531275
1.57E+12,13/11/2019 04:00,LTCUSD,61.04,61.97,60.17,60.75,8550.319647
1.57E+12,12/11/2019 04:00,LTCUSD,61.84,61.84,61.84,61.84,0
1.57E+12,11/11/2019 04:00,LTCUSD,63.26,63.26,60.41,61.84,5948.734252
1.57E+12,10/11/2019 04:00,LTCUSD,61.87,66.16,61.01,63.26,22246.94189
1.57E+12,09/11/2019 04:00,LTCUSD,61.22,62.28,60.34,61.87,2824.998968
1.57E+12,08/11/2019 04:00,LTCUSD,62.22,62.22,58.79,61.22,8249.947598
1.57E+12,07/11/2019 04:00,LTCUSD,62.96,63.13,60.27,62.22,7694.830331
1.57E+12,06/11/2019 04:00,LTCUSD,62.62,64.33,62.52,62.96,8444.348789
1.57E+12,05/11/2019 04:00,LTCUSD,62.19,64.17,61.07,62.62,6272.231402
1.57E+12,04/11/2019 04:00,LTCUSD,58.19,63,57.93,62.19,13694.31081
1.57E+12,03/11/2019 04:00,LTCUSD,58.44,58.77,57.4,58.19,3333.413811
1.57E+12,02/11/2019 04:00,LTCUSD,58.37,59.32,57.97,58.44,3300.246881
1.57E+12,01/11/2019 04:00,LTCUSD,57.76,58.88,56.84,58.37,6191.900598
1.57E+12,31/10/2019 04:00,LTCUSD,58.26,59.69,57.19,57.76,5583.916861
1.57E+12,30/10/2019 04:00,LTCUSD,59.64,59.87,56.98,58.26,7100.918673
1.57E+12,29/10/2019 04:00,LTCUSD,59.33,61.01,57.98,59.64,6776.254422
1.57E+12,28/10/2019 04:00,LTCUSD,60.02,60.11,57.61,59.33,10942.86439
1.57E+12,27/10/2019 04:00,LTCUSD,56.04,62.8,56.04,60.02,10215.94195
1.57E+12,26/10/2019 04:00,LTCUSD,58.76,59.8,54.31,56.04,5999.48308
1.57E+12,25/10/2019 04:00,LTCUSD,48.73,64.07,48.73,58.76,12487.29914
1.57E+12,24/10/2019 04:00,LTCUSD,48.73,48.73,48.73,48.73,0
1.57E+12,23/10/2019 04:00,LTCUSD,52.47,52.71,47.31,48.73,15139.64605
1.57E+12,22/10/2019 04:00,LTCUSD,55.07,55.07,52.16,52.47,3229.381761
1.57E+12,21/10/2019 04:00,LTCUSD,54.44,55.78,53.81,55.07,2528.479368
1.57E+12,20/10/2019 04:00,LTCUSD,53.29,55.48,52.77,54.44,2869.271138
1.57E+12,19/10/2019 04:00,LTCUSD,53.5,54.13,52.75,53.29,2204.08516
1.57E+12,18/10/2019 04:00,LTCUSD,54.5,54.5,52.21,53.5,6778.74633
1.57E+12,17/10/2019 04:00,LTCUSD,52.39,55.17,51.55,54.5,13817.61612
1.57E+12,16/10/2019 04:00,LTCUSD,54.9,55.37,51.13,52.39,7930.163503
1.57E+12,15/10/2019 04:00,LTCUSD,56.63,56.63,53.13,54.9,13120.87611
1.57E+12,14/10/2019 04:00,LTCUSD,56.68,57.43,56.17,56.63,4493.055996
1.57E+12,13/10/2019 04:00,LTCUSD,56.4,57.93,55.88,56.68,2225.129692
1.57E+12,12/10/2019 04:00,LTCUSD,56.24,56.59,55.63,56.4,915.9038025
1.57E+12,11/10/2019 04:00,LTCUSD,57.71,58.48,55.47,56.24,11743.85109
1.57E+12,10/10/2019 04:00,LTCUSD,59.05,59.26,56.86,57.71,3916.768037
1.57E+12,09/10/2019 04:00,LTCUSD,57.01,60.09,56.66,59.05,6704.255081
1.57E+12,08/10/2019 04:00,LTCUSD,57.97,58.03,56.29,57.01,6228.209757
1.57E+12,07/10/2019 04:00,LTCUSD,54.86,58.61,54.54,57.97,5150.028567
1.57E+12,06/10/2019 04:00,LTCUSD,56.13,56.41,53.28,54.86,4621.198362
1.57E+12,05/10/2019 04:00,LTCUSD,56.59,57.43,55.75,56.13,2356.770845
1.57E+12,04/10/2019 04:00,LTCUSD,55.89,57.4,55.27,56.59,6747.402354
1.57E+12,03/10/2019 04:00,LTCUSD,56.03,56.03,56.03,56.03,0
1.57E+12,02/10/2019 04:00,LTCUSD,56.17,56.74,55.27,56.03,5154.96992
1.57E+12,01/10/2019 04:00,LTCUSD,56.89,57.18,54.88,56.17,10496.80065
1.57E+12,30/09/2019 04:00,LTCUSD,53.57,57.6,52.61,56.89,6452.280637
1.57E+12,29/09/2019 04:00,LTCUSD,54.68,55.19,52.22,53.57,6667.898638
1.57E+12,28/09/2019 04:00,LTCUSD,55.57,56.17,54.06,54.68,2768.988153
1.57E+12,27/09/2019 04:00,LTCUSD,54.81,56.88,52.7,55.57,5853.946582
1.57E+12,26/09/2019 04:00,LTCUSD,56.16,57.36,50.32,54.81,12081.97526
1.57E+12,25/09/2019 04:00,LTCUSD,57.23,58.95,53.1,56.16,15987.01497
1.57E+12,24/09/2019 04:00,LTCUSD,66.59,67.24,54,57.23,26344.86552
1.57E+12,23/09/2019 04:00,LTCUSD,71.9,74,61.94,66.59,28651.24669
1.57E+12,22/09/2019 04:00,LTCUSD,71.53,72.84,71.19,71.9,4107.304524
1.57E+12,21/09/2019 04:00,LTCUSD,74.69,74.9,71.35,71.53,10367.56959
1.57E+12,20/09/2019 04:00,LTCUSD,75.59,76.46,72.92,74.69,6246.519485
1.57E+12,19/09/2019 04:00,LTCUSD,73.35,73.35,73.35,73.35,0
1.57E+12,18/09/2019 04:00,LTCUSD,75.31,80.37,73,73.35,14511.3089
1.57E+12,17/09/2019 04:00,LTCUSD,72.44,77.5,72.39,75.31,12612.12074
1.57E+12,16/09/2019 04:00,LTCUSD,71.39,73.64,69.5,72.44,5479.521205
1.57E+12,15/09/2019 04:00,LTCUSD,70.09,72,69.84,71.39,2636.007083
1.57E+12,14/09/2019 04:00,LTCUSD,68.81,71.5,68.38,70.09,2720.900743
1.57E+12,13/09/2019 04:00,LTCUSD,69.29,69.7,67.44,68.81,5881.736308
1.57E+12,12/09/2019 04:00,LTCUSD,69.23,69.81,68.39,69.29,2205.726252
1.57E+12,11/09/2019 04:00,LTCUSD,70.72,71.31,68.23,69.23,3385.867259
1.57E+12,10/09/2019 04:00,LTCUSD,71.79,72.6,69.67,70.72,7239.2175
1.57E+12,09/09/2019 04:00,LTCUSD,69.07,73.01,67.87,71.79,5153.958988
1.57E+12,08/09/2019 04:00,LTCUSD,71.09,71.56,68.43,69.07,3884.199986
1.57E+12,07/09/2019 04:00,LTCUSD,64.84,71.57,64.81,71.09,5705.926576
1.57E+12,06/09/2019 04:00,LTCUSD,66.15,66.15,64.84,64.84,44.17838
1.57E+12,05/09/2019 04:00,LTCUSD,67.11,67.11,65.2,66.15,448.2304706
1.57E+12,04/09/2019 04:00,LTCUSD,68.19,68.5,66.63,67.11,2752.370659
1.57E+12,03/09/2019 04:00,LTCUSD,66.97,70.95,66.83,68.19,7709.772704
1.57E+12,02/09/2019 04:00,LTCUSD,65.99,68.17,64.98,66.97,5893.938729
1.57E+12,01/09/2019 04:00,LTCUSD,64.97,67.21,64.16,65.99,4653.65439
1.57E+12,31/08/2019 04:00,LTCUSD,64.3,65.32,62.48,64.97,4237.366534
1.57E+12,30/08/2019 04:00,LTCUSD,62.91,65.58,62.51,64.3,7832.297178
1.57E+12,29/08/2019 04:00,LTCUSD,65.81,66.18,62.11,62.91,12916.47728
1.57E+12,28/08/2019 04:00,LTCUSD,71.6,72.99,64.63,65.81,22248.30898
1.57E+12,27/08/2019 04:00,LTCUSD,72.42,73.54,71.6,71.6,5614.231007
1.57E+12,26/08/2019 04:00,LTCUSD,74.03,74.71,72.3,72.42,1094.59201
1.57E+12,25/08/2019 04:00,LTCUSD,73.12,75.51,70.88,74.03,5597.692547
1.57E+12,24/08/2019 04:00,LTCUSD,74.2,74.56,71.79,73.12,1826.880191
1.57E+12,23/08/2019 04:00,LTCUSD,73.61,76.01,72.44,74.2,4704.725974
1.57E+12,22/08/2019 04:00,LTCUSD,71.52,74.99,71.52,73.61,441.3360214
1.57E+12,21/08/2019 04:00,LTCUSD,73.99,74.03,69.9,71.52,11385.99789
1.57E+12,20/08/2019 04:00,LTCUSD,75.98,76.67,73.68,73.99,3007.678
1.57E+12,19/08/2019 04:00,LTCUSD,77.04,78.84,75.67,75.98,8567.365455
1.57E+12,18/08/2019 04:00,LTCUSD,72.22,78.04,71.53,77.04,9378.331911
1.57E+12,17/08/2019 04:00,LTCUSD,74.13,74.65,71.63,72.22,5651.573303
1.57E+12,16/08/2019 04:00,LTCUSD,75.88,76.03,72.44,74.13,6197.893469
1.57E+12,15/08/2019 04:00,LTCUSD,75.01,77.68,70.24,75.88,8089.869699
1.57E+12,14/08/2019 04:00,LTCUSD,85.64,85.64,74.77,75.01,15544.1913
1.57E+12,13/08/2019 04:00,LTCUSD,84.65,86.52,82.99,85.64,7273.703156
1.57E+12,12/08/2019 04:00,LTCUSD,88.67,88.82,84.29,84.65,9602.699715
1.57E+12,11/08/2019 04:00,LTCUSD,86.37,91.46,84.93,88.67,7375.96011
1.57E+12,10/08/2019 04:00,LTCUSD,86.17,87.3,81.51,86.37,11690.70664
1.57E+12,09/08/2019 04:00,LTCUSD,89,89.33,82.36,86.17,27447.21727
1.57E+12,08/08/2019 04:00,LTCUSD,91.2,91.2,89,89,188.752258
1.57E+12,07/08/2019 04:00,LTCUSD,93.05,94.3,87.3,91.2,15522.83286
1.57E+12,06/08/2019 04:00,LTCUSD,95.43,99.24,90.97,93.05,10771.68995
1.56E+12,05/08/2019 04:00,LTCUSD,95.3,107.1,93.87,95.43,21270.08548
1.56E+12,04/08/2019 04:00,LTCUSD,91.23,96.7,90.99,95.3,7292.266226
1.56E+12,03/08/2019 04:00,LTCUSD,95.7,96.09,90.56,91.23,13479.95479
1.56E+12,02/08/2019 04:00,LTCUSD,96.25,98.84,92.68,95.7,7666.966579
1.56E+12,01/08/2019 04:00,LTCUSD,96.78,100.85,96,96.25,8261.485798
1.56E+12,31/07/2019 04:00,LTCUSD,91.29,99.96,91.18,96.78,10098.50293
1.56E+12,30/07/2019 04:00,LTCUSD,88.98,92.9,88.96,91.29,2597.976464
1.56E+12,29/07/2019 04:00,LTCUSD,90.66,91.99,87.81,88.98,6853.776259
1.56E+12,28/07/2019 04:00,LTCUSD,88.4,92.25,83.19,90.66,6984.718113
1.56E+12,27/07/2019 04:00,LTCUSD,94.75,94.75,86.79,88.4,8695.831613
1.56E+12,26/07/2019 04:00,LTCUSD,92.09,96.36,90.19,94.75,6587.278205
1.56E+12,25/07/2019 04:00,LTCUSD,95.38,95.38,91.11,92.09,459.415
1.56E+12,24/07/2019 04:00,LTCUSD,88.45,97.1,88.1,95.38,14923.01351
1.56E+12,23/07/2019 04:00,LTCUSD,94.07,94.37,87,88.45,16857.14119
1.56E+12,22/07/2019 04:00,LTCUSD,99.38,99.74,91.24,94.07,23338.65167
1.56E+12,21/07/2019 04:00,LTCUSD,98.61,100.94,96.43,99.38,3100.745245
1.56E+12,20/07/2019 04:00,LTCUSD,99.57,105.99,96.78,98.61,10281.51438
1.56E+12,19/07/2019 04:00,LTCUSD,98.4,101.06,95,99.57,11981.78477
1.56E+12,18/07/2019 04:00,LTCUSD,89.51,104.88,89.1,98.4,26038.40844
1.56E+12,17/07/2019 04:00,LTCUSD,79.49,94.74,77.51,89.51,45796.27438
1.56E+12,16/07/2019 04:00,LTCUSD,89.25,91.41,76.68,79.49,52868.29953
1.56E+12,15/07/2019 04:00,LTCUSD,89.33,93.19,85.83,89.25,19859.48334
1.56E+12,14/07/2019 04:00,LTCUSD,101.17,101.24,84.9,89.33,28867.94736
1.56E+12,13/07/2019 04:00,LTCUSD,102.92,104.2,97.78,101.17,8871.042174
1.56E+12,12/07/2019 04:00,LTCUSD,102.09,107.07,101.63,102.92,7017.864923
1.56E+12,11/07/2019 04:00,LTCUSD,103.66,105.9,100.79,102.09,1293.218873
1.56E+12,10/07/2019 04:00,LTCUSD,119.4,119.47,102.16,103.66,79623.7632
1.56E+12,09/07/2019 04:00,LTCUSD,122.81,123.44,117.95,119.4,18247.42295
1.56E+12,08/07/2019 04:00,LTCUSD,118.69,125.19,118.52,122.81,16302.6489
1.56E+12,07/07/2019 04:00,LTCUSD,118.13,121,117.15,118.69,4084.848584
1.56E+12,06/07/2019 04:00,LTCUSD,120.54,122.02,117.42,118.13,5643.862969
1.56E+12,05/07/2019 04:00,LTCUSD,119.49,120.85,116.68,120.54,12149.89532
1.56E+12,04/07/2019 04:00,LTCUSD,119.6,127.23,118.2,119.49,12151.59159
1.56E+12,03/07/2019 04:00,LTCUSD,121.33,122.62,117.36,119.6,11933.59593
1.56E+12,02/07/2019 04:00,LTCUSD,125.3,125.3,112.07,121.33,25869.60048
1.56E+12,01/07/2019 04:00,LTCUSD,125.3,125.3,125.3,125.3,0
1.56E+12,30/06/2019 04:00,LTCUSD,131.99,136.5,119.48,125.3,17535.95499
1.56E+12,29/06/2019 04:00,LTCUSD,115.75,136.28,115.01,131.99,20565.29246
1.56E+12,28/06/2019 04:00,LTCUSD,113.64,121.69,112.74,115.75,8898.435676
1.56E+12,27/06/2019 04:00,LTCUSD,129.61,129.74,109.88,113.64,29089.62559
1.56E+12,26/06/2019 04:00,LTCUSD,136.12,138,125.77,129.61,32542.52557
1.56E+12,25/06/2019 04:00,LTCUSD,135.67,138.2,128.88,136.12,12583.00767
1.56E+12,24/06/2019 04:00,LTCUSD,134.92,136.93,132.2,135.67,11875.23846
1.56E+12,23/06/2019 04:00,LTCUSD,141.36,141.87,133.5,134.92,5451.924168
1.56E+12,22/06/2019 04:00,LTCUSD,139.8,146.08,137,141.36,14131.70038
1.56E+12,21/06/2019 04:00,LTCUSD,137.85,143.99,135.6,139.8,24066.15424
1.56E+12,20/06/2019 04:00,LTCUSD,136.37,139.19,133.52,137.85,37232.70354
1.56E+12,19/06/2019 04:00,LTCUSD,134.37,139.63,134.22,136.37,13348.69855
1.56E+12,18/06/2019 04:00,LTCUSD,133.08,136.98,129,134.37,11898.60987
1.56E+12,17/06/2019 04:00,LTCUSD,135.84,137,132.33,133.08,7931.687402
1.56E+12,16/06/2019 04:00,LTCUSD,136.29,139.21,133.79,135.84,4363.499864
1.56E+12,15/06/2019 04:00,LTCUSD,135.1,139.9,134.31,136.29,5182.056811
1.56E+12,14/06/2019 04:00,LTCUSD,129.48,137.43,125,135.1,44210.52783
1.56E+12,13/06/2019 04:00,LTCUSD,135,135,128.85,129.48,3443.391678
1.56E+12,12/06/2019 04:00,LTCUSD,139.75,144.13,130.75,135,30474.93494
1.56E+12,11/06/2019 04:00,LTCUSD,128.29,141.36,125.55,139.75,22919.09642
1.56E+12,10/06/2019 04:00,LTCUSD,116.46,132,114.53,128.29,43357.00456
1.56E+12,09/06/2019 04:00,LTCUSD,117.43,118.84,111.8,116.46,4061.06043
1.56E+12,08/06/2019 04:00,LTCUSD,117,120,113.82,117.43,5913.220723
1.56E+12,07/06/2019 04:00,LTCUSD,110.76,121.28,110.45,117,30399.92757
1.56E+12,06/06/2019 04:00,LTCUSD,105.48,112.31,101.09,110.76,14988.97575
1.56E+12,05/06/2019 04:00,LTCUSD,102.96,105.7,100.02,105.48,10193.9306
1.56E+12,04/06/2019 04:00,LTCUSD,102,105.5,97.65,102.96,15898.75256
1.56E+12,03/06/2019 04:00,LTCUSD,115.65,120.88,101.29,102,53303.45746
1.56E+12,02/06/2019 04:00,LTCUSD,113.37,119,112.12,115.65,18289.8867
1.56E+12,01/06/2019 04:00,LTCUSD,114.75,115.15,111.12,113.37,8207.333356
1.56E+12,31/05/2019 04:00,LTCUSD,107.45,115.96,107.45,114.75,2033.7244
1.56E+12,30/05/2019 04:00,LTCUSD,116.99,120.87,102,107.45,49823.83054
1.56E+12,29/05/2019 04:00,LTCUSD,113.33,118.52,108.77,116.99,15414.88842
1.56E+12,28/05/2019 04:00,LTCUSD,115.91,117.23,111.7,113.33,10981.64371
1.56E+12,27/05/2019 04:00,LTCUSD,114.23,122,110.48,115.91,19531.16756
1.56E+12,26/05/2019 04:00,LTCUSD,101.99,115.5,99.7,114.23,15001.58291
1.56E+12,25/05/2019 04:00,LTCUSD,103.7,105,100.56,101.99,6992.305754
1.56E+12,24/05/2019 04:00,LTCUSD,89.37,105.28,88.5,103.7,20589.40126
1.56E+12,23/05/2019 04:00,LTCUSD,87.56,89.88,84.8,89.37,4434.274531
1.56E+12,22/05/2019 04:00,LTCUSD,91.56,92.35,85.55,87.56,22977.935
1.56E+12,21/05/2019 04:00,LTCUSD,90.51,93.67,89.49,91.56,7506.749007
1.56E+12,20/05/2019 04:00,LTCUSD,92.64,93.55,87.77,90.51,12720.94825
1.56E+12,19/05/2019 04:00,LTCUSD,91.91,97.32,90.32,92.64,6800.306699
1.56E+12,18/05/2019 04:00,LTCUSD,89.07,92.6,85.39,91.91,3521.686166
1.56E+12,17/05/2019 04:00,LTCUSD,89.15,91.16,84.5,89.07,11005.24653
1.56E+12,16/05/2019 04:00,LTCUSD,103.8,104.75,82.76,89.15,54057.19724
1.56E+12,15/05/2019 04:00,LTCUSD,95.75,107.37,90.81,103.8,40895.36356
1.56E+12,14/05/2019 04:00,LTCUSD,91.64,95.75,86.24,95.75,17348.16699
1.56E+12,13/05/2019 04:00,LTCUSD,86.1,93.51,84.58,91.64,47666.9712
1.56E+12,12/05/2019 04:00,LTCUSD,88.59,94.16,82.61,86.1,15088.22701
1.56E+12,11/05/2019 04:00,LTCUSD,78.84,96,76.42,88.59,25146.22734
1.56E+12,10/05/2019 04:00,LTCUSD,73.12,79.16,73.12,78.84,2456.96315
1.56E+12,09/05/2019 04:00,LTCUSD,75.08,75.23,72.28,73.12,11684.10812
1.56E+12,08/05/2019 04:00,LTCUSD,72.98,75.49,72.56,75.08,4205.840616
1.56E+12,07/05/2019 04:00,LTCUSD,76.8,76.99,71.5,72.98,4319.254983
1.56E+12,06/05/2019 04:00,LTCUSD,71.64,77.99,71.2,76.8,19319.35862
1.56E+12,05/05/2019 04:00,LTCUSD,76.72,77.12,70.92,71.64,9252.079132
1.56E+12,04/05/2019 04:00,LTCUSD,78.79,78.79,73.51,76.72,6637.036992
1.56E+12,03/05/2019 04:00,LTCUSD,73.47,81.51,72.78,78.79,13792.6023
1.56E+12,02/05/2019 04:00,LTCUSD,72.53,73.58,71.5,73.47,6020.079646
1.56E+12,01/05/2019 04:00,LTCUSD,73.14,75.5,71.2,72.53,11824.90604
1.56E+12,30/04/2019 04:00,LTCUSD,68.02,74.66,67.54,73.14,7105.498197
1.56E+12,29/04/2019 04:00,LTCUSD,67.89,68.7,65.1,68.02,8794.203102
1.56E+12,28/04/2019 04:00,LTCUSD,70.48,70.77,66.96,67.89,9319.572923
1.56E+12,27/04/2019 04:00,LTCUSD,71.36,71.87,69.69,70.48,2354.032458
1.56E+12,26/04/2019 04:00,LTCUSD,72.1,74.76,71,71.36,171.9264666
1.56E+12,25/04/2019 04:00,LTCUSD,73.12,74.6,68.94,72.1,15432.78021
1.56E+12,24/04/2019 04:00,LTCUSD,73.9,74.5,70.47,73.12,12166.64003
1.56E+12,23/04/2019 04:00,LTCUSD,77.27,79.57,70.55,73.9,15063.49882
1.56E+12,22/04/2019 04:00,LTCUSD,75.77,78.31,75.71,77.27,6539.146947
1.56E+12,21/04/2019 04:00,LTCUSD,81.45,81.45,73.57,75.77,14180.64937
1.56E+12,20/04/2019 04:00,LTCUSD,82.5,82.86,79.89,81.45,4374.268736
1.56E+12,19/04/2019 04:00,LTCUSD,81.02,83.49,80.95,82.5,2841.848179
1.56E+12,18/04/2019 04:00,LTCUSD,81.03,83.99,79.72,81.02,6504.418459
1.56E+12,17/04/2019 04:00,LTCUSD,80.65,81.64,78.69,81.03,3699.347634
1.56E+12,16/04/2019 04:00,LTCUSD,78.26,81.95,77.28,80.65,3517.057277
1.56E+12,15/04/2019 04:00,LTCUSD,83.87,84.06,75,78.26,14167.42474
1.56E+12,14/04/2019 04:00,LTCUSD,77.48,84.57,76.5,83.87,5255.373727
1.56E+12,13/04/2019 04:00,LTCUSD,82.4,82.4,76.5,77.48,2847.076457
1.56E+12,12/04/2019 04:00,LTCUSD,78.54,82.4,78.54,82.4,1468.972215
1.55E+12,11/04/2019 04:00,LTCUSD,85.05,85.86,75.35,78.54,23351.76618
1.55E+12,10/04/2019 04:00,LTCUSD,88.05,91.9,84.7,85.05,15123.8652
1.55E+12,09/04/2019 04:00,LTCUSD,87.24,89.63,84.1,88.05,5855.1417
1.55E+12,08/04/2019 04:00,LTCUSD,91.65,92.32,86.77,87.24,10624.19069
1.55E+12,07/04/2019 04:00,LTCUSD,93.4,95.78,89,91.65,4998.889018
1.55E+12,06/04/2019 04:00,LTCUSD,87.48,97.66,85.46,93.4,11429.89232
1.55E+12,05/04/2019 04:00,LTCUSD,84.32,90.31,84.32,87.48,8667.48567
1.55E+12,04/04/2019 04:00,LTCUSD,85.47,89.02,80.52,84.32,18469.4425
1.55E+12,03/04/2019 04:00,LTCUSD,83.35,99.59,75.51,85.47,103545.2712
1.55E+12,02/04/2019 04:00,LTCUSD,60.31,85.02,60.2,83.35,76244.34153
1.55E+12,01/04/2019 04:00,LTCUSD,60.68,60.68,60.09,60.31,4722.793827
1.55E+12,31/03/2019 04:00,LTCUSD,59.84,60.75,59.84,60.68,1883.691326
1.55E+12,30/03/2019 04:00,LTCUSD,60.54,60.83,59.71,59.84,2781.66285
1.55E+12,29/03/2019 04:00,LTCUSD,60.4,61.41,60.4,60.54,471.89941
1.55E+12,28/03/2019 04:00,LTCUSD,60.48,60.66,60,60.4,5168.235933
1.55E+12,27/03/2019 04:00,LTCUSD,59.75,61.52,59.73,60.48,9007.865984
1.55E+12,26/03/2019 04:00,LTCUSD,58.39,60.17,57.4,59.75,8984.097775
1.55E+12,25/03/2019 04:00,LTCUSD,59.95,59.95,57.82,58.39,5361.888407
1.55E+12,24/03/2019 04:00,LTCUSD,60.07,60.08,58.81,59.95,2660.656246
1.55E+12,23/03/2019 04:00,LTCUSD,59.36,61.2,59.2,60.07,7392.364619
1.55E+12,22/03/2019 04:00,LTCUSD,58.43,59.37,58.43,59.36,48.3815495
1.55E+12,21/03/2019 04:00,LTCUSD,59.68,60.04,57.15,58.43,4820.859317
1.55E+12,20/03/2019 04:00,LTCUSD,58.6,60.47,56.95,59.68,6197.933276
1.55E+12,19/03/2019 04:00,LTCUSD,59.05,59.6,58.33,58.6,4085.095757
1.55E+12,18/03/2019 04:00,LTCUSD,61.27,61.27,57.9,59.05,8492.574864
1.55E+12,17/03/2019 04:00,LTCUSD,60.04,62.13,59.59,61.27,3582.450017
1.55E+12,16/03/2019 04:00,LTCUSD,60.78,61.54,59.17,60.04,4422.093873
1.55E+12,15/03/2019 04:00,LTCUSD,55.9,61.44,55.53,60.78,13022.96806
1.55E+12,14/03/2019 04:00,LTCUSD,55.36,57.7,53.2,55.9,7884.420785
1.55E+12,13/03/2019 04:00,LTCUSD,56.35,56.66,54.32,55.36,5093.17377
1.55E+12,12/03/2019 04:00,LTCUSD,52.51,56.93,52.17,56.35,4798.232344
1.55E+12,11/03/2019 04:00,LTCUSD,56.86,57.41,52.35,52.51,7966.868463
1.55E+12,10/03/2019 04:00,LTCUSD,56.99,57.7,55.61,56.86,8063.440421
1.55E+12,09/03/2019 04:00,LTCUSD,56.55,58.81,56.13,56.99,12721.11202
1.55E+12,08/03/2019 04:00,LTCUSD,55.47,57.99,53.88,56.55,17850.95076
1.55E+12,07/03/2019 04:00,LTCUSD,56.62,58.58,54,55.47,21740.90419
1.55E+12,06/03/2019 04:00,LTCUSD,51.92,57.11,51.49,56.62,12478.12211
1.55E+12,05/03/2019 04:00,LTCUSD,45.58,54.16,45.58,51.92,32386.00054
1.55E+12,04/03/2019 04:00,LTCUSD,47.2,47.27,44.67,45.58,4245.186686
1.55E+12,03/03/2019 04:00,LTCUSD,48.83,49.74,46.76,47.2,3317.110245
1.55E+12,02/03/2019 04:00,LTCUSD,48.38,49.75,46.11,48.83,2507.61428
1.55E+12,01/03/2019 04:00,LTCUSD,45.91,48.87,45.91,48.38,51.3099088
1.55E+12,28/02/2019 04:00,LTCUSD,45.36,47.42,44.55,45.91,5773.474236
1.55E+12,27/02/2019 04:00,LTCUSD,44.63,46.14,42.59,45.36,6643.77109
1.55E+12,26/02/2019 04:00,LTCUSD,45.5,45.5,43.77,44.63,5722.222432
1.55E+12,25/02/2019 04:00,LTCUSD,44.07,47.7,43.55,45.5,9089.762565
1.55E+12,24/02/2019 04:00,LTCUSD,52.37,52.79,42.57,44.07,25320.68622
1.55E+12,23/02/2019 04:00,LTCUSD,49.05,53.97,48.01,52.37,9444.731183
1.55E+12,22/02/2019 04:00,LTCUSD,49.05,50.25,47.77,49.05,4414.776843
1.55E+12,21/02/2019 04:00,LTCUSD,50.55,51.21,47.55,49.05,11384.1177
1.55E+12,20/02/2019 04:00,LTCUSD,47.19,52,46.17,50.55,13784.93845
1.55E+12,19/02/2019 04:00,LTCUSD,47.1,48.59,46.46,47.19,6384.984244
1.55E+12,18/02/2019 04:00,LTCUSD,44.05,48.95,43.66,47.1,23355.94911
1.55E+12,17/02/2019 04:00,LTCUSD,43.21,44.86,42.12,44.05,9437.794161
1.55E+12,16/02/2019 04:00,LTCUSD,43.45,44.44,42.47,43.21,3743.150487
1.55E+12,15/02/2019 04:00,LTCUSD,41.53,43.48,41.53,43.45,357.3292806
1.55E+12,14/02/2019 04:00,LTCUSD,41.37,41.59,39.47,41.53,6322.097399
1.55E+12,13/02/2019 04:00,LTCUSD,43.62,44.21,40.3,41.37,5790.324534
1.55E+12,12/02/2019 04:00,LTCUSD,43.43,44.15,42.24,43.62,3258.023205
1.55E+12,11/02/2019 04:00,LTCUSD,43.84,44.56,41.41,43.43,6386.495145
1.55E+12,10/02/2019 04:00,LTCUSD,43.31,47.37,41.51,43.84,31303.17539
1.55E+12,09/02/2019 04:00,LTCUSD,43.09,45.99,42.3,43.31,11650.30002
1.55E+12,08/02/2019 04:00,LTCUSD,32.63,44.44,32.63,43.09,79271.88929
1.55E+12,07/02/2019 04:00,LTCUSD,32.79,33.3,32.59,32.63,1245.216311
1.55E+12,06/02/2019 04:00,LTCUSD,32.35,32.95,31.96,32.79,5917.962275
1.55E+12,05/02/2019 04:00,LTCUSD,33.77,34.1,32.29,32.35,6774.651611
1.55E+12,04/02/2019 04:00,LTCUSD,33.28,34.36,33.08,33.77,3883.788534
1.55E+12,03/02/2019 04:00,LTCUSD,33.99,34.22,32.77,33.28,5995.714876
1.55E+12,02/02/2019 04:00,LTCUSD,32.9,34.7,32.2,33.99,6581.04154
1.55E+12,01/02/2019 04:00,LTCUSD,30.97,32.93,30.97,32.9,32.71461
1.55E+12,31/01/2019 04:00,LTCUSD,31.92,31.96,30.51,30.97,5920.525009
1.55E+12,30/01/2019 04:00,LTCUSD,30.86,32.16,30.74,31.92,3838.257894
1.55E+12,29/01/2019 04:00,LTCUSD,30.69,31.06,30,30.86,4156.818077
1.55E+12,28/01/2019 04:00,LTCUSD,30.95,31.3,29.88,30.69,8574.87954
1.55E+12,27/01/2019 04:00,LTCUSD,32.76,32.76,30.87,30.95,6553.464348
1.55E+12,26/01/2019 04:00,LTCUSD,33.07,33.95,32.33,32.76,4752.550035
1.55E+12,25/01/2019 04:00,LTCUSD,32.66,34.5,31.84,33.07,7316.359206
1.55E+12,24/01/2019 04:00,LTCUSD,31.15,33.06,31.09,32.66,8287.273559
1.55E+12,23/01/2019 04:00,LTCUSD,31.69,32.15,31.1,31.15,3451.912939
1.55E+12,22/01/2019 04:00,LTCUSD,30.75,31.93,29.5,31.69,13925.57189
1.55E+12,21/01/2019 04:00,LTCUSD,30.33,31.43,30.33,30.75,6753.630123
1.55E+12,20/01/2019 04:00,LTCUSD,32.75,33.13,30.19,30.33,11215.61528
1.55E+12,19/01/2019 04:00,LTCUSD,30.95,33.09,30.79,32.75,8474.693589
1.55E+12,18/01/2019 04:00,LTCUSD,31.25,31.94,30.95,30.95,465.1265254
1.55E+12,17/01/2019 04:00,LTCUSD,30.69,37.5,30.05,31.25,19023.31847
1.55E+12,16/01/2019 04:00,LTCUSD,30.99,31.9,30.6,30.69,2422.0037
1.55E+12,15/01/2019 04:00,LTCUSD,32.28,32.46,30.26,30.99,8613.157152
1.55E+12,14/01/2019 04:00,LTCUSD,30.33,32.61,30.18,32.28,5285.511509
1.55E+12,13/01/2019 04:00,LTCUSD,32.88,32.92,29.52,30.33,10750.02495
1.55E+12,12/01/2019 04:00,LTCUSD,32.29,33.26,31.2,32.88,2011.629637
1.55E+12,11/01/2019 04:00,LTCUSD,32.51,39.3,31.11,32.29,12535.70788
1.55E+12,10/01/2019 04:00,LTCUSD,38.75,39.05,32.01,32.51,36309.60768
1.55E+12,09/01/2019 04:00,LTCUSD,39.68,39.85,38.43,38.75,9122.647394
1.55E+12,08/01/2019 04:00,LTCUSD,38.01,41,37.69,39.68,17346.39114
1.55E+12,07/01/2019 04:00,LTCUSD,38.49,39.47,37.23,38.01,14418.82959
1.55E+12,06/01/2019 04:00,LTCUSD,34.97,40,34.85,38.49,24673.61012
1.55E+12,05/01/2019 04:00,LTCUSD,33.09,36,32.62,34.97,8129.824951
1.55E+12,04/01/2019 04:00,LTCUSD,31.72,33.36,31.72,33.09,105.24742
1.55E+12,03/01/2019 04:00,LTCUSD,32.78,32.91,31,31.72,8044.924188
1.55E+12,02/01/2019 04:00,LTCUSD,31.72,33.5,31.45,32.78,14411.28475
1.55E+12,01/01/2019 04:00,LTCUSD,29.72,32.02,29.59,31.72,7147.004657
1.55E+12,31/12/2018 04:00,LTCUSD,31.05,31.2,28.73,29.72,13164.9536
1.55E+12,30/12/2018 04:00,LTCUSD,31.36,32.25,30.22,31.05,1425.986972
1.55E+12,29/12/2018 04:00,LTCUSD,31.61,33.38,30,31.36,8961.191552
1.55E+12,28/12/2018 04:00,LTCUSD,27.9,33.49,27.69,31.61,11260.36985
1.55E+12,27/12/2018 04:00,LTCUSD,29.75,30.02,27.47,27.9,10004.82603
1.55E+12,26/12/2018 04:00,LTCUSD,31.63,31.64,29.01,29.75,4827.210471
1.55E+12,25/12/2018 04:00,LTCUSD,30,31.85,29.7,31.63,9656.87827
1.55E+12,24/12/2018 04:00,LTCUSD,36,36.62,30,30,15632.63042
1.55E+12,23/12/2018 04:00,LTCUSD,32.41,36.03,32.11,36,12337.58928
1.55E+12,22/12/2018 04:00,LTCUSD,30.23,32.41,29.68,32.41,3446.943158
1.55E+12,21/12/2018 04:00,LTCUSD,31.45,32.38,29.61,30.23,11563.95968
1.55E+12,20/12/2018 04:00,LTCUSD,29.2,33.13,28.75,31.45,23607.05765
1.55E+12,19/12/2018 04:00,LTCUSD,30.45,31.64,28.67,29.2,9631.443954
1.55E+12,18/12/2018 04:00,LTCUSD,29.6,31.43,27.85,30.45,22511.96329
1.55E+12,17/12/2018 04:00,LTCUSD,25.61,30.47,25.61,29.6,69431.39901
1.54E+12,16/12/2018 04:00,LTCUSD,25.97,26.66,25.05,25.61,15390.39362
1.54E+12,15/12/2018 04:00,LTCUSD,23.84,26.27,22.96,25.97,16370.60538
1.54E+12,14/12/2018 04:00,LTCUSD,22.81,23.95,22,23.84,8570.993672
1.54E+12,13/12/2018 04:00,LTCUSD,23.65,24.14,22.25,22.81,18940.46675
1.54E+12,12/12/2018 04:00,LTCUSD,23.45,24.9,23.22,23.65,24426.22662
1.54E+12,11/12/2018 04:00,LTCUSD,23.95,24.76,22.69,23.45,12485.79262
1.54E+12,10/12/2018 04:00,LTCUSD,25,25.06,23.62,23.95,12970.57715
1.54E+12,09/12/2018 04:00,LTCUSD,24.4,25.66,24.4,25,2252.620402
1.54E+12,08/12/2018 04:00,LTCUSD,25.08,25.74,22.94,24.4,12124.05653
1.54E+12,07/12/2018 04:00,LTCUSD,25.08,25.08,25.08,25.08,0
1.54E+12,06/12/2018 04:00,LTCUSD,28.58,30.09,24.86,25.08,31283.04135
1.54E+12,05/12/2018 04:00,LTCUSD,30.17,30.5,28.44,28.58,11737.17781
1.54E+12,04/12/2018 04:00,LTCUSD,30.32,31.88,29.66,30.17,3246.882072
1.54E+12,03/12/2018 04:00,LTCUSD,32.12,32.29,29.62,30.32,10664.92811
1.54E+12,02/12/2018 04:00,LTCUSD,33.55,34.27,31.63,32.12,2844.557052
1.54E+12,01/12/2018 04:00,LTCUSD,31.36,34.99,31.36,33.55,2581.613203
1.54E+12,30/11/2018 04:00,LTCUSD,33.89,33.89,30.82,31.36,7453.457796
1.54E+12,29/11/2018 04:00,LTCUSD,33.15,35.17,32.85,33.89,7452.679549
1.54E+12,28/11/2018 04:00,LTCUSD,31.06,35.96,31.06,33.15,24957.34902
1.54E+12,27/11/2018 04:00,LTCUSD,29.56,31.22,28.18,31.06,5863.731031
1.54E+12,26/11/2018 04:00,LTCUSD,31.32,31.76,27.63,29.56,13840.55209
1.54E+12,25/11/2018 04:00,LTCUSD,27.5,31.89,26.4,31.32,10349.33779
1.54E+12,24/11/2018 04:00,LTCUSD,32.22,32.44,27.5,27.5,6332.336252
1.54E+12,23/11/2018 04:00,LTCUSD,31.18,32.99,30.54,32.22,5569.456494
1.54E+12,22/11/2018 04:00,LTCUSD,34.41,34.56,28.47,31.18,6122.812346
1.54E+12,21/11/2018 04:00,LTCUSD,32.73,34.68,32.23,34.41,9336.10638
1.54E+12,20/11/2018 04:00,LTCUSD,36.79,37.01,30.22,32.73,10790.92801
1.54E+12,19/11/2018 04:00,LTCUSD,40.55,40.68,35,36.79,12806.64672
1.54E+12,18/11/2018 04:00,LTCUSD,42.25,42.88,40.27,40.55,1173.529943
1.54E+12,17/11/2018 04:00,LTCUSD,41.65,42.49,41.06,42.25,1595.763255
1.54E+12,16/11/2018 04:00,LTCUSD,43.09,43.09,41.61,41.65,23.7735742
1.54E+12,15/11/2018 04:00,LTCUSD,42.8,43.73,39.59,43.09,7632.309807
1.54E+12,14/11/2018 04:00,LTCUSD,49.39,49.9,40.24,42.8,13613.39388
1.54E+12,13/11/2018 04:00,LTCUSD,50.12,50.48,48.35,49.39,4149.412254
1.54E+12,12/11/2018 04:00,LTCUSD,50.81,51.07,49.7,50.12,2690.087243
1.54E+12,11/11/2018 04:00,LTCUSD,51.8,51.8,49.64,50.81,1028.850695
1.54E+12,10/11/2018 04:00,LTCUSD,52.29,52.84,51.5,51.8,653.5173484
1.54E+12,09/11/2018 04:00,LTCUSD,52.29,52.29,52.29,52.29,0
1.54E+12,08/11/2018 04:00,LTCUSD,52.9,53.73,51.99,52.29,4343.894472
1.54E+12,07/11/2018 04:00,LTCUSD,55.96,55.96,52.8,52.9,4003.038751
1.54E+12,06/11/2018 04:00,LTCUSD,53.71,56.53,53.59,55.96,4270.174009
1.54E+12,05/11/2018 04:00,LTCUSD,53.37,53.89,52.9,53.71,3371.923592
1.54E+12,04/11/2018 04:00,LTCUSD,50.9,55.72,50.8,53.37,4197.184816
1.54E+12,03/11/2018 04:00,LTCUSD,51.21,51.79,50.55,50.9,731.2975065
1.54E+12,02/11/2018 04:00,LTCUSD,50.79,51.77,50.29,51.21,2355.104599
1.54E+12,01/11/2018 04:00,LTCUSD,49.48,50.99,49.48,50.79,1981.39793
1.54E+12,31/10/2018 04:00,LTCUSD,49.2,50.02,47.75,49.48,2393.979466
1.54E+12,30/10/2018 04:00,LTCUSD,48.71,49.28,48,49.2,4131.718547
1.54E+12,29/10/2018 04:00,LTCUSD,51.65,51.65,47.11,48.71,6091.321082
1.54E+12,28/10/2018 04:00,LTCUSD,51.59,51.7,51.15,51.65,2310.999595
1.54E+12,27/10/2018 04:00,LTCUSD,51.88,51.92,51.24,51.59,1214.827215
1.54E+12,26/10/2018 04:00,LTCUSD,51.68,52.09,51.18,51.88,3273.082504
1.54E+12,25/10/2018 04:00,LTCUSD,51.72,52.11,51.6,51.68,735.4829309
1.54E+12,24/10/2018 04:00,LTCUSD,52.12,52.57,51.66,51.72,1784.563543
1.54E+12,23/10/2018 04:00,LTCUSD,51.62,52.48,51.32,52.12,2621.138942
1.54E+12,22/10/2018 04:00,LTCUSD,52.09,52.59,51.39,51.62,2901.202865
1.54E+12,21/10/2018 04:00,LTCUSD,53.24,53.24,51.98,52.09,886.8410784
1.54E+12,20/10/2018 04:00,LTCUSD,51.88,52.75,51.88,52.75,1
1.54E+12,19/10/2018 04:00,LTCUSD,51.88,51.88,51.88,51.88,0
1.54E+12,18/10/2018 04:00,LTCUSD,53.52,53.87,51.25,51.88,3150.270139
1.54E+12,17/10/2018 04:00,LTCUSD,52.92,54.5,52.43,53.52,4206.391895
1.54E+12,16/10/2018 04:00,LTCUSD,0,55.2,0,52.92,5601.926989
